MonthPeriod,Hydroelectric Power,Geothermal Energy,Solar Energy,Wind Energy,Wood Energy,Waste Energy,"Fuel Ethanol, Excluding Denaturant",Biomass Losses and Co-products,Biomass Energy,Total Renewable Energy,Renewable Diesel Fuel,Other Biofuels,Conventional Hydroelectric Power,Biodiesel
1973-01-01,1.04,0.49,0.0,0.0,129.631,0.157,0.0,0.0,99.71400000000001,219.84,0.0,0.0,88.522,0.0
1973-02-01,0.962,0.448,0.0,0.0,117.195,0.144,0.0,0.0,90.175,197.32999999999998,0.0,0.0,78.582,0.0
1973-03-01,1.064,0.464,0.0,0.0,129.763,0.176,0.0,0.0,99.86500000000001,218.687,0.0,0.0,87.22,0.0
1973-04-01,1.016,0.542,0.0,0.0,125.462,0.174,0.0,0.0,96.532,209.32999999999998,0.0,0.0,82.136,0.0
1973-05-01,1.049,0.505,0.0,0.0,129.625,0.21,0.0,0.0,99.76100000000001,215.982,0.0,0.0,84.594,0.0
1973-06-01,1.018,0.579,0.0,0.0,125.435,0.176,0.0,0.0,96.506,208.249,0.0,0.0,81.042,0.0
1973-07-01,0.906,0.614,0.0,0.0,129.61700000000002,0.17,0.0,0.0,99.71300000000001,207.79999999999998,0.0,0.0,76.493,0.0
1973-08-01,0.875,0.579,0.0,0.0,129.734,0.184,0.0,0.0,99.84400000000001,203.43200000000002,0.0,0.0,72.06,0.0
1973-09-01,0.764,0.49,0.0,0.0,125.603,0.178,0.0,0.0,96.677,185.3,0.0,0.0,58.265,0.0
1973-10-01,0.832,0.578,0.0,0.0,129.77,0.2,0.0,0.0,99.896,193.51500000000001,0.0,0.0,62.134,0.0
1973-11-01,0.876,0.62,0.0,0.0,125.491,0.151,0.0,0.0,96.538,195.326,0.0,0.0,68.186,0.0
1973-12-01,1.018,0.8,0.0,0.0,129.69000000000003,0.135,0.0,0.0,99.751,220.756,0.0,0.0,89.113,0.0
1974-01-01,1.026,0.704,0.0,0.0,130.65499999999997,0.152,0.0,0.0,99.30099999999999,231.01,0.0,0.0,98.474,0.0
1974-02-01,0.937,0.621,0.0,0.0,117.94900000000001,0.142,0.0,0.0,89.634,210.188,0.0,0.0,90.539,0.0
1974-03-01,1.004,0.707,0.0,0.0,130.57999999999998,0.148,0.0,0.0,99.222,226.385,0.0,0.0,93.946,0.0
1974-04-01,0.992,0.666,0.0,0.0,126.44000000000001,0.142,0.0,0.0,96.093,223.218,0.0,0.0,94.977,0.0
1974-05-01,1.023,0.667,0.0,0.0,130.66,0.129,0.0,0.0,99.28299999999999,227.793,0.0,0.0,95.314,0.0
1974-06-01,0.953,0.645,0.0,0.0,126.43200000000002,0.179,0.0,0.0,96.122,218.975,0.0,0.0,90.766,0.0
1974-07-01,0.871,0.716,0.0,0.0,130.54899999999998,0.208,0.0,0.0,99.25099999999999,221.909,0.0,0.0,89.566,0.0
1974-08-01,0.819,0.707,0.0,0.0,130.575,0.189,0.0,0.0,99.258,214.197,0.0,0.0,81.907,0.0
1974-09-01,0.781,0.653,0.0,0.0,126.453,0.183,0.0,0.0,96.14800000000001,200.9,0.0,0.0,72.829,0.0
1974-10-01,0.742,0.663,0.0,0.0,130.562,0.156,0.0,0.0,99.21199999999999,200.313,0.0,0.0,68.189,0.0
1974-11-01,0.773,0.789,0.0,0.0,126.35100000000001,0.155,0.0,0.0,96.01700000000001,200.06799999999998,0.0,0.0,72.0,0.0
1974-12-01,0.929,0.83,0.0,0.0,130.555,0.119,0.0,0.0,99.16799999999999,211.046,0.0,0.0,78.613,0.0
1975-01-01,1.017,0.694,0.0,0.0,127.129,0.14,0.0,0.0,91.138,214.31900000000002,0.0,0.0,85.339,0.0
1975-02-01,0.905,0.662,0.0,0.0,114.83,0.113,0.0,0.0,82.309,198.008,0.0,0.0,81.498,0.0
1975-03-01,0.952,0.747,0.0,0.0,127.12700000000001,0.124,0.0,0.0,91.12,224.38400000000001,0.0,0.0,95.434,0.0
1975-04-01,0.949,0.748,0.0,0.0,123.022,0.117,0.0,0.0,88.17399999999999,215.678,0.0,0.0,90.842,0.0
1975-05-01,1.023,0.812,0.0,0.0,127.13000000000001,0.173,0.0,0.0,91.17200000000001,223.69600000000003,0.0,0.0,94.558,0.0
1975-06-01,0.938,1.007,0.0,0.0,123.048,0.193,0.0,0.0,88.276,217.798,0.0,0.0,92.611,0.0
1975-07-01,0.821,1.013,0.0,0.0,127.125,0.163,0.0,0.0,91.15700000000001,216.202,0.0,0.0,87.08,0.0
1975-08-01,0.739,1.099,0.0,0.0,127.137,0.185,0.0,0.0,91.19000000000001,206.312,0.0,0.0,77.153,0.0
1975-09-01,0.744,0.969,0.0,0.0,123.05199999999999,0.158,0.0,0.0,88.24499999999999,194.934,0.0,0.0,70.012,0.0
1975-10-01,0.816,1.117,0.0,0.0,127.15100000000001,0.161,0.0,0.0,91.182,206.489,0.0,0.0,77.244,0.0
1975-11-01,0.818,1.085,0.0,0.0,123.039,0.141,0.0,0.0,88.21499999999999,208.435,0.0,0.0,83.352,0.0
1975-12-01,0.875,1.124,0.0,0.0,127.13900000000001,0.138,0.0,0.0,91.146,217.912,0.0,0.0,88.635,0.0
1976-01-01,0.954,1.119,0.0,0.0,144.91,0.14,0.0,0.0,104.256,236.074,0.0,0.0,88.95,0.0
1976-02-01,0.963,1.053,0.0,0.0,135.559,0.136,0.0,0.0,97.533,221.374,0.0,0.0,83.664,0.0
1976-03-01,0.997,1.127,0.0,0.0,144.914,0.137,0.0,0.0,104.25699999999999,237.807,0.0,0.0,90.632,0.0
1976-04-01,1.024,1.015,0.0,0.0,140.237,0.126,0.0,0.0,100.88499999999999,224.756,0.0,0.0,82.355,0.0
1976-05-01,1.004,0.97,0.0,0.0,144.913,0.134,0.0,0.0,104.253,234.082,0.0,0.0,87.061,0.0
1976-06-01,0.962,1.008,0.0,0.0,140.244,0.161,0.0,0.0,100.92699999999999,229.595,0.0,0.0,87.22,0.0
1976-07-01,0.877,1.089,0.0,0.0,144.898,0.19,0.0,0.0,104.294,235.98399999999998,0.0,0.0,88.93,0.0
1976-08-01,0.803,1.072,0.0,0.0,144.91899999999998,0.192,0.0,0.0,104.317,228.336,0.0,0.0,81.351,0.0
1976-09-01,0.69,1.044,0.0,0.0,140.271,0.165,0.0,0.0,100.958,211.665,0.0,0.0,69.496,0.0
1976-10-01,0.899,1.014,0.0,0.0,144.94,0.174,0.0,0.0,104.32,218.819,0.0,0.0,71.792,0.0
1976-11-01,0.892,0.854,0.0,0.0,140.481,0.171,0.0,0.0,101.173,209.968,0.0,0.0,67.571,0.0
1976-12-01,0.912,0.975,0.0,0.0,145.201,0.163,0.0,0.0,104.57,216.23899999999998,0.0,0.0,68.988,0.0
1977-01-01,1.001,1.057,0.0,0.0,156.074,0.146,0.0,0.0,110.206,228.908,0.0,0.0,70.63,0.0
1977-02-01,0.732,0.923,0.0,0.0,141.04500000000002,0.13,0.0,0.0,99.614,194.522,0.0,0.0,51.691,0.0
1977-03-01,0.957,1.046,0.0,0.0,156.071,0.146,0.0,0.0,110.203,225.78,0.0,0.0,67.56,0.0
1977-04-01,0.901,0.933,0.0,0.0,151.012,0.148,0.0,0.0,106.631,216.602,0.0,0.0,63.607,0.0
1977-05-01,0.903,1.007,0.0,0.0,156.031,0.155,0.0,0.0,110.172,221.822,0.0,0.0,63.726,0.0
1977-06-01,0.833,0.991,0.0,0.0,150.997,0.156,0.0,0.0,106.622,211.752,0.0,0.0,58.776,0.0
1977-07-01,0.812,1.048,0.0,0.0,155.742,0.178,0.0,0.0,109.90599999999999,215.097,0.0,0.0,57.317,0.0
1977-08-01,0.808,0.96,0.0,0.0,155.909,0.172,0.0,0.0,110.067,214.871,0.0,0.0,57.022,0.0
1977-09-01,0.794,1.028,0.0,0.0,150.938,0.172,0.0,0.0,106.58000000000001,208.973,0.0,0.0,56.041,0.0
1977-10-01,0.831,1.075,0.0,0.0,155.998,0.174,0.0,0.0,110.158,216.727,0.0,0.0,58.649,0.0
1977-11-01,0.986,1.08,0.0,0.0,150.888,0.112,0.0,0.0,106.47000000000001,222.66199999999998,0.0,0.0,69.596,0.0
1977-12-01,1.1,1.075,0.0,0.0,155.816,0.119,0.0,0.0,109.92099999999999,235.754,0.0,0.0,77.644,0.0
1978-01-01,0.929,1.095,0.0,0.0,173.005,0.123,0.0,0.0,120.313,260.677,0.0,0.0,85.525,0.0
1978-02-01,0.823,0.94,0.0,0.0,156.27700000000002,0.11,0.0,0.0,108.68400000000001,233.93200000000002,0.0,0.0,75.783,0.0
1978-03-01,0.913,0.777,0.0,0.0,173.026,0.11,0.0,0.0,120.321,258.864,0.0,0.0,84.038,0.0
1978-04-01,0.938,0.655,0.0,0.0,167.244,0.105,0.0,0.0,116.238,255.285,0.0,0.0,86.343,0.0
1978-05-01,1.066,0.583,0.0,0.0,172.80700000000002,0.117,0.0,0.0,120.108,272.692,0.0,0.0,98.119,0.0
1978-06-01,0.931,0.718,0.0,0.0,167.239,0.101,0.0,0.0,116.229,254.703,0.0,0.0,85.714,0.0
1978-07-01,0.906,0.804,0.0,0.0,172.825,0.087,0.0,0.0,120.098,258.055,0.0,0.0,83.433,0.0
1978-08-01,0.822,0.945,0.0,0.0,173.00900000000001,0.18,0.0,0.0,120.374,250.652,0.0,0.0,75.696,0.0
1978-09-01,0.785,0.998,0.0,0.0,167.321,0.134,0.0,0.0,116.344,241.495,0.0,0.0,72.257,0.0
1978-10-01,0.722,0.742,0.0,0.0,173.027,0.142,0.0,0.0,120.354,241.095,0.0,0.0,66.462,0.0
1978-11-01,0.74,0.839,0.0,0.0,167.438,0.12,0.0,0.0,116.44699999999999,237.214,0.0,0.0,68.078,0.0
1978-12-01,0.818,1.063,0.0,0.0,172.935,0.126,0.0,0.0,120.246,250.286,0.0,0.0,75.343,0.0
1979-01-01,1.005,1.021,0.0,0.0,182.453,0.147,0.0,0.0,120.76299999999999,270.0,0.0,0.0,85.373,0.0
1979-02-01,0.854,0.836,0.0,0.0,164.927,0.169,0.0,0.0,109.244,239.378,0.0,0.0,72.591,0.0
1979-03-01,1.041,1.121,0.0,0.0,182.64,0.241,0.0,0.0,121.044,273.485,0.0,0.0,88.442,0.0
1979-04-01,1.02,1.037,0.0,0.0,176.70600000000002,0.138,0.0,0.0,117.00200000000001,265.526,0.0,0.0,86.626,0.0
1979-05-01,1.162,1.043,0.0,0.0,182.56099999999998,0.221,0.0,0.0,120.945,283.727,0.0,0.0,98.741,0.0
1979-06-01,1.003,1.056,0.0,0.0,176.662,0.17,0.0,0.0,116.99000000000001,264.118,0.0,0.0,85.227,0.0
1979-07-01,0.914,1.12,0.0,0.0,182.536,0.165,0.0,0.0,120.863,262.394,0.0,0.0,77.659,0.0
1979-08-01,0.854,1.222,0.0,0.0,182.63799999999998,0.17,0.0,0.0,120.97099999999999,257.423,0.0,0.0,72.539,0.0
1979-09-01,0.762,1.06,0.0,0.0,176.76600000000002,0.125,0.0,0.0,117.049,243.467,0.0,0.0,64.754,0.0
1979-10-01,0.81,1.189,0.0,0.0,182.63,0.121,0.0,0.0,120.91499999999999,253.559,0.0,0.0,68.809,0.0
1979-11-01,0.898,1.155,0.0,0.0,176.767,0.182,0.0,0.0,117.107,255.316,0.0,0.0,76.315,0.0
1979-12-01,0.913,1.409,0.0,0.0,182.56799999999998,0.202,0.0,0.0,120.934,262.637,0.0,0.0,77.545,0.0
1980-01-01,0.995,1.148,0.0,0.0,209.614,0.216,0.0,0.0,137.835,298.222,0.0,0.0,86.249,0.0
1980-02-01,0.841,1.103,0.0,0.0,196.117,0.193,0.0,0.0,128.961,271.195,0.0,0.0,72.94,0.0
1980-03-01,0.957,1.225,0.0,0.0,209.598,0.129,0.0,0.0,137.733,294.931,0.0,0.0,83.021,0.0
1980-04-01,1.013,1.284,0.0,0.0,202.768,0.127,0.0,0.0,133.222,293.04200000000003,0.0,0.0,87.852,0.0
1980-05-01,1.135,1.512,0.0,0.0,209.395,0.154,0.0,0.0,137.554,310.683,0.0,0.0,98.487,0.0
1980-06-01,1.088,1.459,0.0,0.0,202.60899999999998,0.114,0.0,0.0,133.052,299.63200000000006,0.0,0.0,94.363,0.0
1980-07-01,0.96,1.534,0.0,0.0,209.449,0.106,0.0,0.0,137.56,295.538,0.0,0.0,83.488,0.0
1980-08-01,0.805,1.639,0.0,0.0,209.54500000000002,0.131,0.0,0.0,137.68,281.832,0.0,0.0,69.712,0.0
1980-09-01,0.727,1.48,0.0,0.0,202.79,0.115,0.0,0.0,133.233,268.204,0.0,0.0,63.092,0.0
1980-10-01,0.703,1.681,0.0,0.0,209.603,0.115,0.0,0.0,137.722,273.05899999999997,0.0,0.0,60.958,0.0
1980-11-01,0.756,1.643,0.0,0.0,202.831,0.114,0.0,0.0,133.273,270.912,0.0,0.0,65.569,0.0
1980-12-01,0.805,1.602,0.0,0.0,209.547,0.125,0.0,0.0,137.677,288.132,0.0,0.0,76.053,0.0
1981-01-01,0.995,1.725,0.0,0.0,211.988,7.4750000000000005,0.582,0.498,146.654,298.911,0.0,0.0,76.219,0.0
1981-02-01,0.841,1.525,0.0,0.0,191.528,6.744,0.527,0.45,132.50900000000001,273.089,0.0,0.0,71.99,0.0
1981-03-01,0.957,1.71,0.0,0.0,212.04200000000003,7.472,0.582,0.498,146.704,292.884,0.0,0.0,70.193,0.0
1981-04-01,1.013,1.579,0.0,0.0,205.195,7.227,0.5640000000000001,0.482,141.961,286.211,0.0,0.0,70.706,0.0
1981-05-01,1.135,1.564,0.0,0.0,211.88299999999998,7.469,0.582,0.498,146.542,304.726,0.0,0.0,82.165,0.0
1981-06-01,1.088,1.561,0.0,0.0,204.976,7.2170000000000005,0.5640000000000001,0.482,141.731,305.307,0.0,0.0,89.974,0.0
1981-07-01,0.96,1.716,0.0,0.0,211.83800000000002,7.473,0.582,0.498,146.501,308.25,0.0,0.0,85.753,0.0
1981-08-01,0.805,1.695,0.0,0.0,211.846,7.501,0.582,0.498,146.537,296.10699999999997,0.0,0.0,73.75,0.0
1981-09-01,0.727,1.705,0.0,0.0,205.148,7.287,0.5640000000000001,0.482,141.97400000000002,276.167,0.0,0.0,60.807,0.0
1981-10-01,0.703,1.682,0.0,0.0,212.00400000000002,7.497,0.582,0.498,146.691,284.113,0.0,0.0,61.718,0.0
1981-11-01,0.756,1.468,0.0,0.0,205.166,7.226,0.5640000000000001,0.482,141.931,279.81100000000004,0.0,0.0,64.703,0.0
1981-12-01,0.805,1.473,0.0,0.0,211.94799999999998,7.412,0.582,0.498,146.55,303.621,0.0,0.0,81.474,0.0
1982-01-01,0.995,1.297,0.0,0.0,213.20499999999998,10.124,1.581,1.341,143.86800000000002,318.758,0.0,0.0,91.768,0.0
1982-02-01,0.841,1.193,0.0,0.0,192.599,9.138,1.429,1.211,129.965,296.073,0.0,0.0,91.066,0.0
1982-03-01,0.957,1.051,0.0,0.0,213.132,10.103,1.581,1.341,143.774,328.579,0.0,0.0,101.967,0.0
1982-04-01,1.013,1.06,0.0,0.0,206.24,9.753,1.531,1.297,139.095,314.68,0.0,0.0,95.29,0.0
1982-05-01,1.135,1.231,0.0,0.0,213.101,10.113000000000001,1.581,1.341,143.752,322.387,0.0,0.0,95.437,0.0
1982-06-01,1.088,1.487,0.0,0.0,206.255,9.784,1.531,1.297,139.14,315.313,0.0,0.0,95.375,0.0
1982-07-01,0.96,1.564,0.0,0.0,213.14499999999998,10.135,1.581,1.341,143.81900000000002,320.301,0.0,0.0,93.127,0.0
1982-08-01,0.805,1.559,0.0,0.0,213.15800000000002,10.087,1.581,1.341,143.78500000000003,308.507,0.0,0.0,81.528,0.0
1982-09-01,0.727,1.495,0.0,0.0,206.36399999999998,9.755,1.531,1.297,139.22099999999998,287.552,0.0,0.0,67.885,0.0
1982-10-01,0.703,1.592,0.0,0.0,213.332,10.119,1.581,1.341,143.99,294.504,0.0,0.0,67.388,0.0
1982-11-01,0.756,1.672,0.0,0.0,206.34699999999998,9.772,1.531,1.297,139.22099999999998,299.361,0.0,0.0,79.489,0.0
1982-12-01,0.805,1.323,0.0,0.0,213.16899999999998,10.118,1.581,1.341,143.82600000000002,321.50199999999995,0.0,0.0,94.717,0.0
1983-01-01,0.995,1.65,0.0,0.001,227.926,13.286,2.913,2.45,164.192,346.106,0.0,0.0,99.748,0.0
1983-02-01,0.841,1.269,0.0,0.0,205.871,12.024000000000001,2.6310000000000002,2.213,148.327,317.626,0.0,0.0,95.365,0.0
1983-03-01,0.957,1.463,0.0,0.001,227.938,13.309,2.913,2.45,164.227,349.559,0.0,0.0,103.391,0.0
1983-04-01,1.013,1.371,0.0,0.001,220.56,12.875,2.82,2.371,158.89999999999998,340.56,0.0,0.0,102.321,0.0
1983-05-01,1.135,1.114,0.0,0.001,227.897,13.387,2.913,2.45,164.264,352.466,0.0,0.0,106.432,0.0
1983-06-01,1.088,1.465,0.0,0.001,220.582,12.963,2.82,2.371,159.01,343.24,0.0,0.0,104.722,0.0
1983-07-01,0.96,1.825,0.0,0.0,227.933,13.354,2.913,2.45,164.26800000000003,342.496,0.0,0.0,95.923,0.0
1983-08-01,0.805,2.401,0.0,0.0,227.97699999999998,13.354,2.913,2.45,164.312,335.162,0.0,0.0,88.124,0.0
1983-09-01,0.727,2.194,0.0,0.001,220.641,12.924,2.82,2.371,159.02999999999997,312.986,0.0,0.0,74.08,0.0
1983-10-01,0.703,2.3,0.0,0.002,228.031,13.338,2.913,2.45,164.34900000000002,317.66,0.0,0.0,70.788,0.0
1983-11-01,0.756,2.047,0.0,0.001,220.718,12.871,2.82,2.371,159.05499999999998,323.01300000000003,0.0,0.0,84.2,0.0
1983-12-01,0.805,1.63,0.0,0.0,228.19400000000002,13.314,2.913,2.45,164.48800000000003,354.57399999999996,0.0,0.0,108.131,0.0
1984-01-01,0.995,1.665,0.0,0.0,227.549,17.385,3.569,2.978,168.477,352.111,0.0,0.0,101.464,0.0
1984-02-01,0.841,2.034,0.0,0.001,212.673,16.371,3.339,2.786,157.519,329.96799999999996,0.0,0.0,95.194,0.0
1984-03-01,0.957,2.235,0.001,0.001,227.377,17.603,3.569,2.978,168.523,355.06999999999994,0.0,0.0,103.844,0.0
1984-04-01,1.013,2.205,0.001,0.002,219.904,17.037,3.454,2.882,162.949,345.374,0.0,0.0,102.257,0.0
1984-05-01,1.135,2.115,0.002,0.003,227.241,17.619,3.569,2.978,168.403,359.716,0.0,0.0,108.548,0.0
1984-06-01,1.088,2.053,0.003,0.002,219.91299999999998,17.053,3.454,2.882,162.97400000000002,341.241,0.0,0.0,98.174,0.0
1984-07-01,0.96,1.96,0.001,0.002,227.457,17.626,3.569,2.978,168.626,344.871,0.0,0.0,93.811,0.0
1984-08-01,0.805,2.454,0.003,0.001,227.48,17.61,3.569,2.978,168.632,337.173,0.0,0.0,85.767,0.0
1984-09-01,0.727,2.21,0.003,0.002,220.20999999999998,17.05,3.454,2.882,163.26700000000002,314.504,0.0,0.0,71.348,0.0
1984-10-01,0.703,2.426,0.002,0.003,227.639,17.786,3.569,2.978,168.968,322.878,0.0,0.0,71.265,0.0
1984-11-01,0.756,2.396,0.001,0.003,220.554,17.177,3.454,2.882,163.739,319.78999999999996,0.0,0.0,75.948,0.0
1984-12-01,0.805,2.656,0.0,0.004,227.81,17.684,3.569,2.978,169.037,340.15599999999995,0.0,0.0,88.144,0.0
1985-01-01,0.995,2.641,0.002,0.002,228.394,20.009,4.328,3.583,170.534,349.70799999999997,0.0,0.0,93.978,0.0
1985-02-01,0.841,2.332,0.0,0.004,206.29399999999998,18.072,3.9099999999999997,3.237,154.03300000000002,319.251,0.0,0.0,88.378,0.0
1985-03-01,0.957,2.715,0.0,0.002,228.373,20.05,4.328,3.583,170.555,339.858,0.0,0.0,84.071,0.0
1985-04-01,1.013,2.378,0.004,0.002,220.46300000000002,19.48,4.189,3.468,164.58499999999998,330.171,0.0,0.0,83.263,0.0
1985-05-01,1.135,2.473,0.005,0.001,227.858,20.111,4.328,3.583,170.099,345.419,0.0,0.0,90.149,0.0
1985-06-01,1.088,2.382,0.005,0.001,220.471,19.516,4.189,3.468,164.629,328.369,0.0,0.0,81.337,0.0
1985-07-01,0.96,2.619,0.004,0.0,228.09,20.156,4.328,3.583,170.377,328.169,0.0,0.0,72.651,0.0
1985-08-01,0.805,2.737,0.007,0.001,228.27599999999998,20.113,4.328,3.583,170.519,323.801,0.0,0.0,68.175,0.0
1985-09-01,0.727,2.602,0.005,0.003,221.00600000000003,19.334,4.189,3.468,164.98199999999997,311.279,0.0,0.0,64.034,0.0
1985-10-01,0.703,2.491,0.003,0.002,228.286,19.977,4.328,3.583,170.394,323.552,0.0,0.0,68.403,0.0
1985-11-01,0.756,3.075,0.001,0.001,220.962,19.451999999999998,4.189,3.468,165.05599999999998,326.134,0.0,0.0,78.319,0.0
1985-12-01,0.805,3.372,0.001,0.0,228.289,20.044,4.328,3.583,170.464,342.72299999999996,0.0,0.0,86.523,0.0
1986-01-01,0.995,3.438,0.002,0.001,217.84,22.241,4.993,4.102,171.03999999999996,321.67499999999995,0.0,0.0,72.939,0.0
1986-02-01,0.841,2.953,0.002,0.001,196.53500000000003,20.171,4.511,3.705,154.34799999999998,303.546,0.0,0.0,79.234,0.0
1986-03-01,0.957,3.071,0.003,0.002,217.37900000000002,22.362,4.993,4.102,170.7,345.118,0.0,0.0,97.124,0.0
1986-04-01,1.013,2.769,0.005,0.002,210.372,21.614,4.833,3.97,165.17200000000003,333.76599999999996,0.0,0.0,93.91,0.0
1986-05-01,1.135,2.798,0.006,0.003,217.424,22.302,4.993,4.102,170.685,340.70899999999995,0.0,0.0,92.822,0.0
1986-06-01,1.088,3.036,0.005,0.002,210.44299999999998,21.591,4.833,3.97,165.22000000000003,329.72,0.0,0.0,89.474,0.0
1986-07-01,0.96,3.221,0.006,0.002,217.598,22.317,4.993,4.102,170.87399999999997,330.456,0.0,0.0,82.134,0.0
1986-08-01,0.805,3.214,0.006,0.002,217.76000000000002,22.32,4.993,4.102,171.039,320.62300000000005,0.0,0.0,72.298,0.0
1986-09-01,0.727,2.693,0.005,0.0,210.699,21.572,4.833,3.97,165.45700000000002,311.817,0.0,0.0,72.039,0.0
1986-10-01,0.703,2.647,0.004,0.001,217.574,22.304,4.993,4.102,170.837,320.24699999999996,0.0,0.0,72.795,0.0
1986-11-01,0.756,2.291,0.003,0.0,210.647,21.673,4.833,3.97,165.50500000000002,318.45000000000005,0.0,0.0,78.999,0.0
1986-12-01,0.805,3.038,0.001,0.0,217.863,22.392999999999997,4.993,4.102,171.21499999999997,336.909,0.0,0.0,88.592,0.0
1987-01-01,0.995,3.051,0.0,0.0,209.176,24.537000000000003,5.743,4.68,171.945,329.279,0.0,0.0,86.707,0.0
1987-02-01,0.841,2.829,0.002,0.0,188.92399999999998,22.171999999999997,5.186999999999999,4.227,155.30400000000003,291.537,0.0,0.0,72.423,0.0
1987-03-01,0.957,3.102,0.003,0.0,209.118,24.616,5.743,4.68,171.966,321.93,0.0,0.0,79.322,0.0
1987-04-01,1.013,2.924,0.004,0.0,202.254,23.798,5.559,4.529,166.276,309.8,0.0,0.0,75.15,0.0
1987-05-01,1.135,3.072,0.004,0.001,208.99,24.593,5.743,4.68,171.815,325.185,0.0,0.0,82.577,0.0
1987-06-01,1.088,3.155,0.006,0.003,202.596,23.837999999999997,5.559,4.529,166.65900000000002,306.52599999999995,0.0,0.0,71.183,0.0
1987-07-01,0.96,3.262,0.006,0.004,209.33499999999998,24.601000000000003,5.743,4.68,172.168,311.88399999999996,0.0,0.0,68.904,0.0
1987-08-01,0.805,3.25,0.004,0.001,209.365,24.608,5.743,4.68,172.205,305.783,0.0,0.0,62.939,0.0
1987-09-01,0.727,3.032,0.003,0.001,202.51999999999998,23.691,5.559,4.529,166.43500000000003,296.659,0.0,0.0,62.029,0.0
1987-10-01,0.703,3.07,0.002,0.0,209.11200000000002,24.523,5.743,4.68,171.867,303.48400000000004,0.0,0.0,61.261,0.0
1987-11-01,0.756,2.968,0.001,0.0,202.463,23.648,5.559,4.529,166.33400000000003,292.009,0.0,0.0,57.517,0.0
1987-12-01,0.805,3.049,0.001,0.001,209.308,24.373,5.743,4.68,171.913,314.296,0.0,0.0,71.948,0.0
1988-01-01,0.995,3.078,0.002,0.002,218.369,26.456,5.808999999999999,4.697,178.254,328.899,0.0,0.0,75.176,0.0
1988-02-01,0.841,2.648,0.003,0.0,204.247,24.777,5.436,4.394,166.749,302.214,0.0,0.0,65.188,0.0
1988-03-01,0.957,3.087,0.004,0.0,218.351,26.526999999999997,5.808999999999999,4.697,178.308,320.331,0.0,0.0,66.582,0.0
1988-04-01,1.013,2.794,0.002,0.0,211.122,25.950000000000003,5.622999999999999,4.546,172.651,310.73,0.0,0.0,65.183,0.0
1988-05-01,1.135,2.747,0.004,0.0,217.825,26.855,5.808999999999999,4.697,178.111,325.854,0.0,0.0,72.465,0.0
1988-06-01,1.088,2.913,0.005,0.0,211.243,25.929000000000002,5.622999999999999,4.546,172.749,310.101,0.0,0.0,64.258,0.0
1988-07-01,0.96,3.169,0.004,0.0,218.273,26.802999999999997,5.808999999999999,4.697,178.505,311.70500000000004,0.0,0.0,57.675,0.0
1988-08-01,0.805,3.024,0.004,0.0,218.415,26.892999999999997,5.808999999999999,4.697,178.738,310.081,0.0,0.0,56.118,0.0
1988-09-01,0.727,2.899,0.003,0.0,211.21800000000002,25.970000000000002,5.622999999999999,4.546,172.76600000000002,300.99800000000005,0.0,0.0,55.514,0.0
1988-10-01,0.703,2.954,0.0,0.0,218.199,26.811999999999998,5.808999999999999,4.697,178.44,305.053,0.0,0.0,51.563,0.0
1988-11-01,0.756,2.933,0.0,0.0,211.191,25.737000000000002,5.622999999999999,4.546,172.506,308.289,0.0,0.0,63.007,0.0
1988-12-01,0.805,2.898,0.0,0.0,218.215,26.622999999999998,5.808999999999999,4.697,178.269,321.307,0.0,0.0,67.943,0.0
1989-01-01,0.751,5.154,2.822,0.497,231.171,24.753,5.91,4.739,188.43599999999998,342.538,0.0,0.0,72.526,0.0
1989-02-01,0.668,4.654,3.041,0.763,211.27100000000002,23.038,5.338,4.28,173.351,312.34900000000005,0.0,0.0,64.52,0.0
1989-03-01,0.812,5.438,4.220000000000001,0.873,236.6,21.067,5.91,4.739,190.178,352.331,0.0,0.0,78.456,0.0
1989-04-01,0.864,4.797000000000001,4.66,0.812,218.28999999999996,23.351,5.719,4.586,176.33,340.91499999999996,0.0,0.0,83.431,0.0
1989-05-01,1.0070000000000001,5.064,5.109,0.697,200.711,29.875000000000004,5.91,4.739,163.09799999999998,344.52,0.0,0.0,97.193,0.0
1989-06-01,0.929,4.9830000000000005,5.175,0.534,208.438,29.703,5.719,4.586,172.83200000000002,344.157,0.0,0.0,89.685,0.0
1989-07-01,0.8130000000000001,5.069,5.476,0.485,217.405,33.265,5.91,4.739,183.17999999999998,345.937,0.0,0.0,78.559,0.0
1989-08-01,0.724,4.919,5.388,0.352,234.087,32.248999999999995,5.91,4.739,198.84799999999998,352.53700000000003,0.0,0.0,69.951,0.0
1989-09-01,0.679,4.609,4.941000000000001,0.956,220.47899999999998,34.027,5.719,4.586,189.19500000000002,335.957,0.0,0.0,65.558,0.0
1989-10-01,0.72,4.835,4.501,0.599,230.493,35.322,5.91,4.739,198.325,350.89799999999997,0.0,0.0,69.564,0.0
1989-11-01,0.76,4.623,3.697,0.419,231.61199999999997,34.902,5.719,4.586,201.203,354.134,0.0,0.0,73.412,0.0
1989-12-01,0.783,4.948,3.4650000000000003,0.219,239.067,32.806,5.91,4.739,204.38299999999998,361.772,0.0,0.0,75.619,0.0
1990-01-01,0.883,5.513999999999999,3.015,1.028,193.41,33.864999999999995,5.244,4.172,187.431,324.196,0.0,0.0,82.195,0.0
1990-02-01,0.915,5.0329999999999995,3.256,0.789,186.72199999999998,31.038,4.736,3.769,181.773,316.83,0.0,0.0,85.206,0.0
1990-03-01,1.05,5.54,4.489,0.837,199.565,35.266999999999996,5.244,4.172,194.98900000000003,348.824,0.0,0.0,97.791,0.0
1990-04-01,0.9630000000000001,4.5249999999999995,4.947,1.434,190.159,33.369,5.075,4.038,184.96900000000002,329.17,0.0,0.0,89.627,0.0
1990-05-01,1.018,5.22,5.514,1.195,166.803,33.888,5.244,4.172,160.847,312.65999999999997,0.0,0.0,94.735,0.0
1990-06-01,1.046,5.368,5.5329999999999995,1.387,134.938,34.492,5.075,4.038,130.87300000000002,284.31100000000004,0.0,0.0,97.398,0.0
1990-07-01,0.898,5.43,5.832000000000001,0.406,176.617,33.679,5.244,4.172,170.453,310.741,0.0,0.0,83.592,0.0
1990-08-01,0.804,5.367999999999999,5.781000000000001,0.239,201.445,34.771,5.244,4.172,196.372,327.449,0.0,0.0,74.756,0.0
1990-09-01,0.653,5.072,5.227,0.311,196.099,34.721000000000004,5.075,4.038,192.261,306.999,0.0,0.0,60.769,0.0
1990-10-01,0.7080000000000001,5.305,4.782,0.693,190.413,35.608000000000004,5.244,4.172,186.177,307.743,0.0,0.0,65.948,0.0
1990-11-01,0.764,5.091,3.884,0.789,177.62800000000001,33.514,5.075,4.038,172.58400000000003,296.91700000000003,0.0,0.0,71.099,0.0
1990-12-01,0.919,5.393,3.7,0.406,202.361,33.866,5.244,4.172,196.38400000000001,336.453,0.0,0.0,85.521,0.0
1991-01-01,0.9450000000000001,5.678,3.125,0.212,221.773,36.887,6.0760000000000005,4.795,217.723,364.325,0.0,0.0,90.788,0.0
1991-02-01,0.81,4.981,3.3689999999999998,0.989,161.587,33.129000000000005,5.4879999999999995,4.331,157.74,287.135,0.0,0.0,77.829,0.0
1991-03-01,0.9510000000000001,5.658,4.561,0.707,165.815,37.687,6.0760000000000005,4.795,162.566,311.73,0.0,0.0,91.433,0.0
1991-04-01,0.9460000000000001,5.1450000000000005,5.026,0.813,142.348,37.584,5.8790000000000004,4.641,140.315,287.547,0.0,0.0,90.928,0.0
1991-05-01,1.0430000000000001,5.2700000000000005,5.738,1.237,156.299,39.409,6.0760000000000005,4.795,154.76899999999998,314.166,0.0,0.0,100.253,0.0
1991-06-01,0.9460000000000001,5.529,5.803,0.53,161.834,37.366,5.8790000000000004,4.641,159.583,307.675,0.0,0.0,90.909,0.0
1991-07-01,0.895,5.556,6.132000000000001,0.53,163.209,35.974,6.0760000000000005,4.795,158.246,303.304,0.0,0.0,86.088,0.0
1991-08-01,0.799,5.509,6.034000000000001,0.777,201.886,38.076,6.0760000000000005,4.795,199.02599999999998,334.86,0.0,0.0,76.858,0.0
1991-09-01,0.679,5.196000000000001,5.487,0.707,220.84300000000002,36.372,5.8790000000000004,4.641,217.59799999999998,339.361,0.0,0.0,65.318,0.0
1991-10-01,0.651,5.465,4.9350000000000005,1.448,204.17,34.365,6.0760000000000005,4.795,197.599,318.50100000000003,0.0,0.0,62.547,0.0
1991-11-01,0.68,5.648000000000001,4.034000000000001,1.448,194.094,36.927,5.8790000000000004,4.641,191.404,312.995,0.0,0.0,65.405,0.0
1991-12-01,0.807,5.845,3.792,0.671,220.22199999999998,35.94,6.0760000000000005,4.795,215.224,349.737,0.0,0.0,77.542,0.0
1992-01-01,0.9450000000000001,5.827,3.197,0.512,225.224,41.693,6.888999999999999,5.392,224.99,359.822,0.0,0.0,76.899,0.0
1992-02-01,0.785,5.188,3.452,1.759,179.107,39.872,6.446,5.045,179.758,299.219,0.0,0.0,63.885,0.0
1992-03-01,0.9520000000000001,5.842,4.751,1.12,169.584,39.312,6.888999999999999,5.392,166.969,304.54499999999996,0.0,0.0,77.456,0.0
1992-04-01,0.852,5.351000000000001,5.283,1.088,162.501,35.785,6.668,5.218,157.713,285.537,0.0,0.0,69.328,0.0
1992-05-01,0.9710000000000001,5.641,5.883,0.32,136.512,41.744,6.888999999999999,5.392,136.329,275.606,0.0,0.0,79.009,0.0
1992-06-01,0.981,5.556000000000001,5.931,0.256,178.938,40.161,6.668,5.218,178.526,317.01,0.0,0.0,79.837,0.0
1992-07-01,0.858,5.654,6.274,0.256,196.21800000000002,41.650999999999996,6.888999999999999,5.392,195.943,326.25,0.0,0.0,69.813,0.0
1992-08-01,0.795,5.689,6.205,0.48,216.249,41.132000000000005,6.888999999999999,5.392,215.454,340.756,0.0,0.0,64.679,0.0
1992-09-01,0.734,5.3260000000000005,5.627,1.088,199.5,40.125,6.668,5.218,199.053,317.49,0.0,0.0,59.74,0.0
1992-10-01,0.722,5.598999999999999,5.114,0.832,219.054,38.209,6.888999999999999,5.392,215.337,333.812,0.0,0.0,58.752,0.0
1992-11-01,0.849,5.554,4.188,0.96,220.59199999999998,31.906,6.668,5.218,211.924,338.51099999999997,0.0,0.0,69.115,0.0
1992-12-01,1.038,5.632,3.913,1.184,209.993,41.616,6.888999999999999,5.392,209.683,353.44599999999997,0.0,0.0,84.54,0.0
1993-01-01,0.9420000000000001,5.994,3.288,0.844,212.91699999999997,46.638999999999996,7.505,6.426,226.775,365.09000000000003,0.0,0.0,87.932,0.0
1993-02-01,0.76,5.753,3.5709999999999997,0.169,190.799,37.578,7.477,5.502,199.164,315.21000000000004,0.0,0.0,70.971,0.0
1993-03-01,0.888,6.058,4.954,1.773,202.46499999999997,45.908,8.57,6.482,216.714,351.632,0.0,0.0,82.98,0.0
1993-04-01,0.9630000000000001,5.984,5.515,1.266,176.446,36.204,7.224,6.21,180.881,322.712,0.0,0.0,90.016,0.0
1993-05-01,1.109,5.473,6.053,1.266,141.05700000000002,40.501999999999995,7.134,6.318,148.297,305.514,0.0,0.0,103.633,0.0
1993-06-01,1.008,5.47,6.058,0.295,142.88,40.571000000000005,7.393999999999999,6.116,151.75699999999998,296.682,0.0,0.0,94.174,0.0
1993-07-01,0.893,5.9399999999999995,6.446,0.464,159.077,39.754,7.62,6.065,165.804,302.217,0.0,0.0,83.467,0.0
1993-08-01,0.758,6.015,6.402,0.253,215.248,34.985,5.989,5.284,214.795,339.85999999999996,0.0,0.0,70.829,0.0
1993-09-01,0.659,5.8020000000000005,5.819,0.464,197.48899999999998,39.852000000000004,7.97,5.774,205.88000000000002,317.562,0.0,0.0,61.586,0.0
1993-10-01,0.657,5.797,5.242,0.971,203.029,39.893,8.296000000000001,6.321,210.82700000000003,323.462,0.0,0.0,61.43,0.0
1993-11-01,0.685,5.714,4.296,1.562,209.594,37.63,10.068,6.539,218.624,330.211,0.0,0.0,64.043,0.0
1993-12-01,0.812,5.887,4.039,0.929,208.767,39.822,9.798,6.98,218.655,343.227,0.0,0.0,75.85,0.0
1994-01-01,1.712,5.942,3.433,0.0,252.90299999999996,37.205,10.315,7.221,263.48,379.631,0.0,0.0,71.061,0.0
1994-02-01,1.641,5.397,3.68,0.343,194.065,37.257999999999996,8.101,5.774,205.30599999999998,316.37399999999997,0.0,0.0,68.097,0.0
1994-03-01,1.895,5.538,5.137,1.865,202.598,43.069,9.211,6.871,217.585,345.724,0.0,0.0,78.614,0.0
1994-04-01,1.983,5.608,5.64,1.408,183.168,39.552,8.184999999999999,5.792,193.958,325.555,0.0,0.0,82.281,0.0
1994-05-01,2.079,5.561,6.216,1.256,141.247,46.113,8.379999999999999,6.577,158.153,295.448,0.0,0.0,86.274,0.0
1994-06-01,2.008,5.0729999999999995,6.293,1.256,156.534,44.95,7.453,6.204,172.399,305.763,0.0,0.0,83.334,0.0
1994-07-01,1.875,5.3469999999999995,6.585,0.647,216.32999999999998,43.487,7.935,6.366,229.95399999999998,358.592,0.0,0.0,77.836,0.0
1994-08-01,1.63,5.778,6.470999999999999,0.457,193.37399999999997,43.016000000000005,8.823,6.607,207.655,325.091,0.0,0.0,67.628,0.0
1994-09-01,1.331,5.39,5.949,1.066,180.928,40.274,7.023000000000001,7.728,193.214,298.001,0.0,0.0,55.23,0.0
1994-10-01,1.406,5.539,5.458,1.218,209.48899999999998,45.994,10.606,7.01,228.937,334.62399999999997,0.0,0.0,58.35,0.0
1994-11-01,1.537,5.454,4.415,1.675,198.716,44.967,9.683,7.723,218.34900000000002,328.41900000000004,0.0,0.0,63.787,0.0
1994-12-01,1.787,5.585,4.136,0.571,194.46800000000002,49.43900000000001,10.719999999999999,8.081,218.54299999999998,338.399,0.0,0.0,74.172,0.0
1995-01-01,1.48,5.125,3.414,0.019,181.661,43.346000000000004,9.375,7.992,198.209,326.546,0.0,0.0,83.371,0.0
1995-02-01,1.4909999999999999,3.933,3.6929999999999996,0.08,151.83800000000002,38.045,8.545,7.263,165.803,290.425,0.0,0.0,83.956,0.0
1995-03-01,1.7,4.332,5.106,0.016,181.967,39.692,10.498999999999999,7.865,195.85699999999997,336.61,0.0,0.0,95.779,0.0
1995-04-01,1.463,3.87,5.734999999999999,0.023,202.14300000000003,47.82899999999999,9.697000000000001,7.621,224.55,351.21000000000004,0.0,0.0,82.384,0.0
1995-05-01,1.653,3.649,6.37,1.394,174.71800000000002,35.550999999999995,8.123,7.436,181.66200000000003,324.028,0.0,0.0,93.137,0.0
1995-06-01,1.799,3.858,6.471,1.701,164.965,45.581,10.315,7.097,185.217,332.952,0.0,0.0,101.329,0.0
1995-07-01,1.635,4.132000000000001,6.75,2.115,234.03699999999998,44.859,7.692,6.649,249.074,392.385,0.0,0.0,92.094,0.0
1995-08-01,1.451,6.244,6.675,1.862,240.236,46.729,6.361000000000001,6.35,255.511,391.36400000000003,0.0,0.0,81.724,0.0
1995-09-01,1.192,4.69,6.047,1.955,208.217,45.501,8.587,6.527,226.09300000000002,341.396,0.0,0.0,67.14,0.0
1995-10-01,1.3780000000000001,7.148999999999999,5.472,0.876,227.437,48.834,11.407,6.887,250.401,375.814,0.0,0.0,77.615,0.0
1995-11-01,1.52,6.492,4.473,0.427,203.6,49.06700000000001,13.334999999999999,6.493,229.75400000000002,357.895,0.0,0.0,85.628,0.0
1995-12-01,1.738,6.2749999999999995,4.192,0.329,199.04699999999997,46.443,10.235,7.449,219.01200000000003,363.528,0.0,0.0,97.902,0.0
1996-01-01,1.813,4.592,3.472,0.503,215.337,41.155,10.159,6.936,227.84900000000002,376.967,0.0,0.0,103.008,0.0
1996-02-01,1.876,4.575,3.759,0.382,169.485,43.729,8.896,5.528,184.85000000000002,336.08,0.0,0.0,106.612,0.0
1996-03-01,1.999,4.451,5.293,0.64,196.558,48.351,8.726,6.09,213.98899999999998,377.118,0.0,0.0,113.604,0.0
1996-04-01,1.878,4.84,5.865,0.834,149.672,44.007000000000005,6.909,5.194,161.519,319.162,0.0,0.0,106.769,0.0
1996-05-01,1.962,3.702,6.486,1.336,176.78699999999998,45.415,5.997,3.883,186.34400000000002,351.185,0.0,0.0,111.523,0.0
1996-06-01,1.883,4.863,6.561,1.282,197.278,50.18600000000001,4.3629999999999995,2.895,210.46,372.05899999999997,0.0,0.0,107.044,0.0
1996-07-01,1.704,6.472999999999999,6.803999999999999,1.826,221.03300000000002,53.096000000000004,4.1899999999999995,3.245,235.82500000000002,391.057,0.0,0.0,96.815,0.0
1996-08-01,1.549,6.651999999999999,6.601,1.416,241.559,43.969,5.229,3.902,248.92300000000003,393.798,0.0,0.0,88.07,0.0
1996-09-01,1.3059999999999998,5.883,5.956,1.199,201.147,48.44499999999999,4.852,4.204,214.38600000000002,342.445,0.0,0.0,74.23,0.0
1996-10-01,1.333,6.243,5.494,0.863,241.017,54.461,6.9990000000000006,6.458,263.197,391.735,0.0,0.0,75.761,0.0
1996-11-01,1.39,6.275,4.496,0.337,230.29999999999998,51.096000000000004,7.9670000000000005,6.106,251.20600000000002,379.103,0.0,0.0,78.984,0.0
1996-12-01,1.7879999999999998,5.545999999999999,4.262,0.417,196.85500000000002,53.08,7.6049999999999995,6.455,218.25799999999998,370.129,0.0,0.0,101.612,0.0
1997-01-01,1.832,5.191,3.422,0.411,219.53199999999998,41.556,7.637,6.244,238.44899999999998,388.941,0.0,0.0,110.626,0.0
1997-02-01,1.7510000000000001,4.095,3.763,0.372,169.841,42.813,8.071,5.949,193.68800000000002,334.496,0.0,0.0,105.777,0.0
1997-03-01,1.944,5.406000000000001,5.176,0.507,191.20600000000002,43.974000000000004,8.838,6.845,214.342,372.66,0.0,0.0,117.453,0.0
1997-04-01,1.782,5.788,5.747,1.106,189.865,47.949,7.973,6.09,216.535,366.12,0.0,0.0,107.659,0.0
1997-05-01,1.899,5.7090000000000005,6.292000000000001,1.196,200.87100000000004,49.635000000000005,8.255,7.726,229.96599999999998,388.20300000000003,0.0,0.0,114.736,0.0
1997-06-01,1.915,4.872999999999999,6.434,1.764,172.743,45.553,6.9190000000000005,5.746,195.61900000000003,354.793,0.0,0.0,115.649,0.0
1997-07-01,1.7590000000000001,6.085,6.721,1.738,195.84799999999996,47.342,9.433,7.205,223.30800000000002,373.107,0.0,0.0,106.252,0.0
1997-08-01,1.4949999999999999,6.027,6.612,1.809,204.29699999999997,47.712,7.1690000000000005,5.326,227.981,363.70500000000004,0.0,0.0,90.307,0.0
1997-09-01,1.2999999999999998,5.77,5.957999999999999,0.888,193.21300000000002,42.132999999999996,8.047,6.606,214.656,334.539,0.0,0.0,78.536,0.0
1997-10-01,1.374,5.765000000000001,5.436,0.937,239.625,48.235,11.199,7.635,270.172,392.21299999999997,0.0,0.0,83.02,0.0
1997-11-01,1.317,5.704000000000001,4.425,0.248,203.76600000000002,45.900000000000006,8.765,6.402,229.49099999999999,347.493,0.0,0.0,79.583,0.0
1997-12-01,1.438,6.125,4.188,0.244,190.185,47.80200000000001,11.392999999999999,8.156,221.016,345.14099999999996,0.0,0.0,86.814,0.0
1998-01-01,1.664,6.297,3.375,0.059,218.095,40.638000000000005,10.731,8.316,245.507,375.27099999999996,0.0,0.0,96.665,0.0
1998-02-01,1.731,5.1659999999999995,3.629,0.028,158.34300000000002,39.812999999999995,8.667,6.001,183.672,315.456,0.0,0.0,100.616,0.0
1998-03-01,1.828,6.2509999999999994,5.137,0.021,179.495,46.162,9.923,6.536,209.83999999999997,351.872,0.0,0.0,106.29,0.0
1998-04-01,1.651,4.5840000000000005,5.664,0.293,178.061,45.083999999999996,8.611,7.458,207.981,338.885,0.0,0.0,95.959,0.0
1998-05-01,1.9160000000000001,4.321,6.1739999999999995,0.489,186.622,48.867,7.679,6.298,217.191,366.152,0.0,0.0,111.349,0.0
1998-06-01,1.8659999999999999,4.908,6.327,1.348,128.701,41.355000000000004,8.289,6.846,153.958,299.957,0.0,0.0,108.481,0.0
1998-07-01,1.6540000000000001,5.88,6.678,1.868,184.548,46.138999999999996,8.698,6.678,213.78799999999998,349.707,0.0,0.0,96.131,0.0
1998-08-01,1.449,6.212,6.585,1.438,191.75699999999998,46.21,9.274,6.946,221.91400000000002,344.96799999999996,0.0,0.0,84.229,0.0
1998-09-01,1.201,6.079999999999999,5.9559999999999995,1.623,186.479,44.529999999999994,9.538,7.37,216.684,323.242,0.0,0.0,69.858,0.0
1998-10-01,1.09,6.609,5.395,1.019,202.006,48.262,10.945,7.538,236.476,335.428,0.0,0.0,63.345,0.0
1998-11-01,1.1549999999999998,6.005,4.389,0.618,171.31,41.384,9.753,7.598,198.81199999999998,299.76099999999997,0.0,0.0,67.155,0.0
1998-12-01,1.454,5.901999999999999,4.147,1.519,198.74800000000002,53.84899999999999,12.475,8.867,241.66400000000002,359.158,0.0,0.0,84.483,0.0
1999-01-01,1.536,6.154,3.294,1.15,210.995,42.105999999999995,10.422,8.164,238.564,372.704,0.0,0.0,99.188,0.0
1999-02-01,1.4929999999999999,5.119,3.5700000000000003,1.054,162.352,42.769999999999996,8.743,6.57,190.517,319.43399999999997,0.0,0.0,96.409,0.0
1999-03-01,1.6689999999999998,5.921,4.985,1.524,149.912,44.569,9.326,7.541,178.225,324.012,0.0,0.0,107.787,0.0
1999-04-01,1.422,5.189,5.536,1.274,183.534,47.233999999999995,8.607,8.162,215.48199999999997,344.304,0.0,0.0,91.857,0.0
1999-05-01,1.5090000000000001,6.109,6.121,0.94,222.167,49.711,8.667,7.41,254.82999999999998,391.489,0.0,0.0,97.427,0.0
1999-06-01,1.5899999999999999,5.724,6.184,0.866,173.904,47.851,9.527,6.109,205.33499999999998,345.038,0.0,0.0,102.704,0.0
1999-07-01,1.544,5.814,6.4830000000000005,1.556,203.95299999999997,46.063,8.145999999999999,6.083,231.123,371.332,0.0,0.0,99.743,0.0
1999-08-01,1.3379999999999999,5.902,6.377,1.304,197.76399999999998,43.98,9.333,7.291,225.24500000000003,350.501,0.0,0.0,86.439,0.0
1999-09-01,1.087,5.871,5.7749999999999995,1.288,181.9,44.364,9.354000000000001,7.618,211.17999999999998,318.203,0.0,0.0,70.196,0.0
1999-10-01,1.035,6.081,5.311999999999999,1.428,164.41299999999998,44.533,11.616,8.229,195.668,298.03499999999997,0.0,0.0,66.873,0.0
1999-11-01,1.101,5.801,4.306,1.209,192.21900000000002,43.805,11.938,7.713,223.62,327.396,0.0,0.0,71.108,0.0
1999-12-01,1.2999999999999998,6.207,4.067,1.72,171.056,43.17,13.453,8.945,203.5,320.514,0.0,0.0,83.899,0.0
2000-01-01,1.329,6.086,3.1550000000000002,2.202,160.708,42.021,11.487,8.227,186.86800000000002,309.005,0.0,0.0,85.14,0.0
2000-02-01,1.179,5.6370000000000005,3.439,2.409,185.25900000000001,42.652,9.527000000000001,7.767,211.927,323.99199999999996,0.0,0.0,75.535,0.0
2000-03-01,1.4,5.793,4.733,1.194,195.714,47.994,11.678,8.296,228.108,354.975,0.0,0.0,89.71,0.0
2000-04-01,1.494,5.93,5.24,1.126,187.07,47.554,10.11,8.501,218.808,352.749,0.0,0.0,95.713,0.0
2000-05-01,1.438,5.806,5.832,1.392,184.01099999999997,50.693999999999996,11.581000000000001,8.496,219.208,349.931,0.0,0.0,92.122,0.0
2000-06-01,1.3199999999999998,5.6610000000000005,5.8950000000000005,1.525,167.726,42.313,8.789,7.518,191.92,316.674,0.0,0.0,84.611,0.0
2000-07-01,1.2650000000000001,5.838,6.261,1.296,191.30599999999998,44.131,10.776000000000002,8.471,219.10900000000004,339.765,0.0,0.0,81.068,0.0
2000-08-01,1.152,5.845,6.143999999999999,1.284,194.632,42.649,11.89,7.513,221.109,333.20899999999995,0.0,0.0,73.846,0.0
2000-09-01,0.933,5.128,5.6080000000000005,1.134,180.764,40.838,10.939,7.967,206.082,302.307,0.0,0.0,59.802,0.0
2000-10-01,0.901,5.455,5.056,1.404,206.14299999999997,43.632999999999996,13.113,8.804,236.11900000000003,329.29,0.0,0.0,57.738,0.0
2000-11-01,1.005,5.601,4.103,2.808,200.803,40.632,12.999,8.465,228.473,327.946,0.0,0.0,64.372,0.0
2000-12-01,1.032,5.909,3.882,1.309,207.582,25.689,13.648,9.153,220.49699999999999,320.869,0.0,0.0,66.148,0.0
2001-01-01,0.8210000000000001,6.103,3.008,1.328,175.982,30.814,14.497,9.15,199.109,291.002,0.0,0.0,63.502,0.092
2001-02-01,0.8230000000000001,5.385,3.262,1.471,155.969,27.21,11.702,8.318,174.87899999999996,261.471,0.0,0.0,58.794,0.064
2001-03-01,1.175,5.968999999999999,4.542,1.816,168.14000000000001,30.317999999999998,12.485999999999999,8.96,188.58300000000003,289.866,0.0,0.0,68.693,0.104
2001-04-01,0.99,5.5840000000000005,5.02,2.336,163.973,30.116999999999997,10.370000000000001,8.259,182.388,276.959,0.0,0.0,60.47,0.081
2001-05-01,1.025,5.565,5.673,2.167,161.457,29.828999999999997,10.934999999999999,8.548,179.43700000000004,278.887,0.0,0.0,64.402,0.092
2001-06-01,1.017,5.5600000000000005,5.756,2.285,163.772,30.134999999999998,8.123,8.474,180.187,286.86699999999996,0.0,0.0,69.706,0.095
2001-07-01,0.843,5.93,6.029,2.167,169.421,31.397999999999996,14.359,8.889,192.792,285.812,0.0,0.0,60.843,0.151
2001-08-01,1.095,5.892,5.947,1.969,173.357,31.256999999999998,9.85,8.999,192.127,292.156,0.0,0.0,63.439,0.09
2001-09-01,0.842,5.734,5.38,1.673,163.666,29.555,11.359,8.884,183.18200000000002,267.175,0.0,0.0,51.212,0.13
2001-10-01,0.717,5.873,4.773000000000001,2.071,174.181,30.481,15.284,9.582,198.251,279.251,0.0,0.0,51.263,0.147
2001-11-01,0.687,5.796,3.9050000000000002,1.605,166.005,30.807,12.319,9.713,188.60699999999997,270.669,0.0,0.0,51.901,0.174
2001-12-01,0.922,5.97,3.675,2.101,169.916,31.955,12.457,9.821,192.815,289.698,0.0,0.0,65.087,0.091
2002-01-01,1.012,6.41,2.923,2.769,169.36700000000002,33.695,12.93,10.692,194.577,300.491,0.0,0.0,73.352,0.168
2002-02-01,0.955,5.684,3.1879999999999997,2.436,148.458,29.727000000000004,12.198,8.752,170.21999999999997,267.397,0.0,0.0,67.939,0.235
2002-03-01,0.946,6.265000000000001,4.435,2.907,159.644,33.92,10.589,10.128,182.32600000000002,289.203,0.0,0.0,70.737,0.321
2002-04-01,1.083,5.754,4.876,3.495,158.336,31.601000000000003,12.625,9.668,181.133,296.728,0.0,0.0,81.647,0.137
2002-05-01,0.981,6.166,5.409,3.677,168.013,32.903999999999996,13.443,10.227,192.481,317.65,0.0,0.0,89.992,0.168
2002-06-01,0.872,5.878,5.585,3.843,159.326,33.364999999999995,12.215,9.456,183.30599999999998,313.973,0.0,0.0,95.39,0.177
2002-07-01,0.937,6.324000000000001,5.812,3.038,176.43400000000003,35.264,14.222999999999999,10.133,203.987,324.21000000000004,0.0,0.0,85.969,0.207
2002-08-01,0.949,6.204000000000001,5.718999999999999,3.332,163.556,35.425,14.126000000000001,10.727,191.688,297.2,0.0,0.0,70.989,0.127
2002-09-01,0.846,6.029000000000001,5.1610000000000005,2.511,171.211,33.393,14.157,11.082,198.73799999999997,287.987,0.0,0.0,57.454,0.127
2002-10-01,1.172,6.231000000000001,4.647,2.506,180.316,33.602000000000004,17.016,12.606,211.399,298.854,0.0,0.0,57.416,0.135
2002-11-01,1.53,6.009,3.8209999999999997,2.238,166.492,33.834,19.391000000000002,12.672,201.30000000000004,292.794,0.0,0.0,65.789,0.144
2002-12-01,1.81,6.236000000000001,3.551,2.577,174.13299999999998,35.269999999999996,18.281000000000002,13.912,209.46400000000003,309.995,0.0,0.0,72.123,0.141
2003-01-01,1.233,6.618,2.8489999999999998,2.158,169.56400000000002,34.432,16.71,13.831,200.74500000000003,300.115,0.0,0.0,69.055,0.182
2003-02-01,1.043,5.959,3.083,2.543,153.718,30.507,19.879,11.911,185.43400000000003,275.65799999999996,0.0,0.0,66.445,0.103
2003-03-01,1.269,6.465,4.335,3.535,166.337,34.302,16.762,13.662,197.222,311.594,0.0,0.0,81.308,0.131
2003-04-01,0.842,6.231,4.795,3.729,162.814,33.335,18.933,13.546,195.858,309.35499999999996,0.0,0.0,83.636,0.108
2003-05-01,1.339,6.315,5.299,3.434,163.89100000000002,33.24,18.93,13.652,195.85200000000003,326.55400000000003,0.0,0.0,98.958,0.113
2003-06-01,1.26,6.423,5.421,3.573,162.636,32.915,18.042,13.687,194.519,322.60200000000003,0.0,0.0,96.277,0.115
2003-07-01,1.2650000000000001,6.517,5.579,3.253,174.308,34.984,18.441000000000003,13.911,207.79299999999998,323.735,0.0,0.0,83.5,0.122
2003-08-01,1.2799999999999998,6.4879999999999995,5.522,2.782,171.772,34.557,20.226,14.062,206.806,314.02,0.0,0.0,77.101,0.162
2003-09-01,1.1489999999999998,6.356999999999999,5.035,3.054,164.171,32.628,17.979,14.304,196.397,289.012,0.0,0.0,61.906,0.192
2003-10-01,1.1449999999999998,6.406,4.534999999999999,3.061,169.075,32.826,20.438,14.666,203.15599999999998,293.909,0.0,0.0,61.733,0.124
2003-11-01,1.202,6.179,3.669,3.28,166.30700000000002,32.498,23.015,14.608,203.805,294.331,0.0,0.0,66.066,0.254
2003-12-01,1.6260000000000001,6.653,3.451,3.77,177.447,35.122,24.006999999999998,16.16,218.882,325.186,0.0,0.0,80.412,0.118
2004-01-01,1.135,6.942,2.809,3.41,183.98499999999999,32.32,23.612000000000002,16.247,221.76800000000003,324.699,0.0,0.0,77.284,0.331
2004-02-01,0.98,6.504,3.019,3.486,168.66299999999998,31.131,23.144000000000002,15.265,206.056,299.97999999999996,0.0,0.0,70.378,0.34
2004-03-01,0.9750000000000001,6.758,4.289,4.406,175.737,32.948,23.175,16.487,213.904,319.365,0.0,0.0,77.209,0.283
2004-04-01,0.744,6.406,4.722,4.418,175.958,32.191,23.761,16.182,214.806,311.71500000000003,0.0,0.0,70.526,0.321
2004-05-01,0.7130000000000001,6.644,5.277,5.806,169.77700000000002,33.517,24.413,17.005,210.237,320.568,0.0,0.0,81.242,0.252
2004-06-01,0.685,6.622,5.343,4.767,171.744,32.495,25.788999999999998,16.487,213.147,324.238,0.0,0.0,85.477,0.239
2004-07-01,0.7020000000000001,6.883,5.575,3.973,183.59199999999998,33.004000000000005,23.598,16.738,222.464,329.89,0.0,0.0,78.86,0.261
2004-08-01,0.778,6.813,5.489,3.585,179.526,33.117,24.204,17.303,219.66199999999998,320.085,0.0,0.0,72.895,0.238
2004-09-01,1.0879999999999999,6.497999999999999,4.986,3.718,171.018,31.463,24.313,16.78,210.24600000000004,305.077,0.0,0.0,68.944,0.28
2004-10-01,1.018,6.8790000000000004,4.468999999999999,3.511,179.682,31.857000000000003,25.54,17.377,220.035,308.748,0.0,0.0,63.342,0.306
2004-11-01,1.216,6.577999999999999,3.624,3.181,173.66199999999998,32.016,24.999000000000002,17.226,214.578,308.323,0.0,0.0,70.221,0.283
2004-12-01,1.4100000000000001,6.81,3.418,3.999,187.91400000000002,32.983000000000004,26.782,17.928,231.17000000000002,343.125,0.0,0.0,88.021,0.291
2005-01-01,1.194,7.142,2.742,3.861,185.55200000000002,34.054,26.75,18.242,229.099,335.02599999999995,0.0,0.0,81.622,1.022
2005-02-01,0.9400000000000001,6.22,2.968,3.298,175.761,30.133,23.379,16.74,214.05499999999998,309.382,0.0,0.0,72.782,1.027
2005-03-01,1.036,6.979,4.1579999999999995,5.325,180.584,33.949,25.636,18.41,222.978,328.254,0.0,0.0,77.222,0.919
2005-04-01,0.98,6.829000000000001,4.638,5.792,171.577,32.208,24.139,17.445,210.981,317.72,0.0,0.0,77.695,0.953
2005-05-01,0.9380000000000001,7.184,5.178,5.959,176.618,34.686,26.424,17.988,220.165,341.295,0.0,0.0,92.136,0.971
2005-06-01,1.033,7.0360000000000005,5.247,6.131,173.219,34.165000000000006,28.471,18.246,219.77200000000002,336.08500000000004,0.0,0.0,90.35,1.013
2005-07-01,1.006,7.212,5.438,4.848,182.702,35.300000000000004,28.547,19.576,230.508,344.299,0.0,0.0,87.559,0.903
2005-08-01,0.76,7.148,5.396,3.883,182.796,34.717999999999996,30.448,19.681,232.21,327.906,0.0,0.0,72.822,1.088
2005-09-01,0.752,6.95,4.894,5.01,174.50099999999998,33.531,27.686999999999998,19.17,220.493,303.938,0.0,0.0,58.493,0.947
2005-10-01,0.768,7.125,4.399,4.934,178.567,32.287,30.351,20.377,225.867,309.826,0.0,0.0,60.67,0.808
2005-11-01,0.779,6.939,3.547,5.492,173.209,33.536,30.619999999999997,20.191,223.234,309.651,0.0,0.0,65.252,1.02
2005-12-01,1.009,7.158,3.335,6.237,181.613,34.653999999999996,32.696,21.21,234.56800000000004,330.505,0.0,0.0,74.537,0.918
2006-01-01,1.2610000000000001,7.312,2.8810000000000002,8.13,187.674,34.786,29.587999999999997,21.529,242.94700000000003,356.638,0.0,0.0,92.353,1.645
2006-02-01,0.998,6.606,3.125,6.558,164.912,31.177,27.413999999999998,20.389,215.89399999999998,317.91499999999996,0.0,0.0,83.489,1.152
2006-03-01,0.759,7.421,4.327999999999999,8.048,175.499,32.74,30.76,22.491,231.34,335.287,0.0,0.0,83.26,2.124
2006-04-01,0.665,6.869,4.821000000000001,8.434,166.537,30.857999999999997,31.921,20.879,221.031,336.6,0.0,0.0,96.768,2.07
2006-05-01,0.651,6.855,5.367,8.389,171.132,33.727,38.119,21.908,235.577,353.451,0.0,0.0,104.502,2.965
2006-06-01,0.636,7.109,5.41,7.001,170.345,32.295,42.219,22.985,240.407,347.69399999999996,0.0,0.0,100.897,3.796
2006-07-01,0.761,7.421,5.640000000000001,6.671,180.23399999999998,34.118,39.527,23.606,247.929,345.443,0.0,0.0,86.039,2.717
2006-08-01,0.624,7.515,5.657,5.647,179.396,33.794000000000004,41.306000000000004,24.685,250.467,331.828,0.0,0.0,73.514,3.559
2006-09-01,0.699,7.177999999999999,5.0840000000000005,6.412,173.11499999999998,32.319,40.800000000000004,24.325,242.663,308.10699999999997,0.0,0.0,57.992,3.338
2006-10-01,0.96,7.468,4.577,8.333,177.45499999999998,32.926,43.553,25.342,250.185,315.343,0.0,0.0,57.231,3.182
2006-11-01,1.257,7.1370000000000005,3.718,8.668,172.74,33.559,42.691,25.171,246.017,321.19,0.0,0.0,67.91,3.087
2006-12-01,0.9410000000000001,7.519,3.487,8.433,180.279,34.262,44.723,27.037,257.685,335.78,0.0,0.0,72.744,3.658
2007-01-01,0.652,7.9110000000000005,3.016,8.367,182.455,36.763,44.4,27.612,260.015,355.90999999999997,0.0,0.0,88.212,4.457
2007-02-01,0.5,6.984,3.269,8.598,162.893,32.666,40.564,25.643,232.43099999999998,304.24399999999997,0.0,0.0,62.849,2.883
2007-03-01,0.663,7.598,4.579000000000001,10.397,174.64,36.85,44.525,28.26,251.76299999999998,345.696,0.0,0.0,81.783,3.16
2007-04-01,0.669,7.329000000000001,5.051,10.822,173.47,32.341,42.246,27.842,243.11900000000003,339.246,0.0,0.0,80.845,1.74
2007-05-01,0.613,7.43,5.657,10.073,173.552,33.827999999999996,45.354,29.889,249.692,350.246,0.0,0.0,88.259,2.739
2007-06-01,0.431,7.603,5.707,8.941,170.16500000000002,33.402,46.022999999999996,29.84,249.66299999999998,334.464,0.0,0.0,77.419,4.753
2007-07-01,0.31,7.756,5.982,7.364,178.133,34.395,48.282000000000004,31.119,259.42,342.447,0.0,0.0,76.385,3.163
2007-08-01,0.258,7.771,5.886,9.21,174.785,34.376999999999995,48.632,32.305,260.07599999999996,333.38100000000003,0.0,0.0,67.778,5.648
2007-09-01,0.262,7.533,5.367,9.781,169.548,33.143,46.71,31.875,252.11999999999998,308.51800000000003,0.0,0.0,50.04,5.365
2007-10-01,0.343,7.805000000000001,4.848,11.521,174.97,34.945,53.150999999999996,33.814,266.717,319.492,0.0,0.0,50.143,5.508
2007-11-01,0.437,7.51,3.9219999999999997,10.56,172.53199999999998,34.828,52.689,34.623,261.486,318.57599999999996,0.0,0.0,53.071,1.335
2007-12-01,0.552,7.809,3.662,11.909,181.632,35.699,56.023,36.262,278.324,340.719,0.0,0.0,62.03,4.381
2008-01-01,0.5730000000000001,8.038,3.207,14.58,195.33599999999998,36.106,54.52,37.589,287.378,366.693,0.0,0.0,70.325,3.636
2008-02-01,0.553,7.369,3.5180000000000002,13.142,169.28,35.307,56.33,36.34,262.751,330.036,0.0,0.0,63.554,2.732
2008-03-01,0.629,8.181,4.933,16.316,175.228,38.088,58.197,41.019,274.114,358.702,0.0,0.0,73.306,1.391
2008-04-01,0.627,7.943,5.478000000000001,17.829,171.485,36.153999999999996,63.673,40.15,274.72499999999997,355.996,0.0,0.0,75.236,1.789
2008-05-01,0.599,8.208,6.03,18.221,172.47,35.844,65.871,43.897,280.488,378.684,0.0,0.0,92.28,2.214
2008-06-01,0.457,8.087,6.181,17.539,167.713,35.333,66.57600000000001,41.328,273.262,376.883,0.0,0.0,99.096,0.837
2008-07-01,0.432,8.276,6.4079999999999995,13.677,173.964,37.33,70.661,44.584,290.371,372.65000000000003,0.0,0.0,86.762,3.642
2008-08-01,0.403,8.256,6.327,11.138,171.95499999999998,36.422,71.678,46.965,292.032,354.72999999999996,0.0,0.0,72.031,4.821
2008-09-01,0.333,7.996,5.7589999999999995,10.616,164.058,34.4,70.977,45.272,281.211,324.524,0.0,0.0,54.867,5.028
2008-10-01,0.335,8.27,5.165,16.229,169.452,36.366,74.74000000000001,46.927,292.137,336.481,0.0,0.0,52.448,4.46
2008-11-01,0.41600000000000004,7.995000000000001,4.166,17.038,166.137,36.49,70.56099999999999,47.138,286.354,333.639,0.0,0.0,53.043,4.553
2008-12-01,0.5660000000000001,8.216,3.927,22.573,161.91,37.423,75.832,47.583,286.568,354.116,0.0,0.0,70.614,3.628
2009-01-01,0.593,8.958,3.2470000000000003,20.304,162.35500000000002,37.462999999999994,68.147,45.326,270.909,358.983,0.0,0.0,79.556,0.423
2009-02-01,0.512,8.103,3.578,19.968,150.551,34.203,58.784,42.211,247.478,320.40799999999996,0.0,0.0,60.263,0.391
2009-03-01,0.6940000000000001,8.998000000000001,5.0520000000000005,24.222,159.501,40.349000000000004,67.886,46.505,274.533,360.27700000000004,0.0,0.0,73.781,3.099
2009-04-01,0.682,8.584,5.614999999999999,25.446,151.43200000000002,36.607,71.397,44.802,266.018,361.648,0.0,0.0,87.245,3.204
2009-05-01,0.667,8.775,6.2,21.366,156.528,36.997,78.512,48.631,280.468,380.71500000000003,0.0,0.0,100.19,2.605
2009-06-01,0.607,8.538,6.228,19.105,158.245,37.177,76.28099999999999,48.882,282.281,379.24,0.0,0.0,99.137,3.123
2009-07-01,0.484,8.844000000000001,6.582,16.906,167.558,38.599,81.677,52.947,300.973,372.641,0.0,0.0,79.305,2.995
2009-08-01,0.467,8.83,6.501,18.645,170.873,38.247,81.982,53.56,306.096,364.88300000000004,0.0,0.0,66.341,4.239
2009-09-01,0.327,8.566,5.891,15.868,161.716,36.076,75.88799999999999,51.433,289.257,340.091,0.0,0.0,58.9,5.57
2009-10-01,0.47400000000000003,8.727,5.306,23.248,165.591,38.01,83.37,54.314,304.204,363.82599999999996,0.0,0.0,66.712,5.724
2009-11-01,0.48700000000000004,8.758000000000001,4.300000000000001,23.458,162.144,38.693999999999996,82.271,55.853,301.821,366.31,0.0,0.0,71.191,4.285
2009-12-01,0.622,9.228,4.023,23.563,168.513,39.269,83.463,58.131,311.976,388.551,0.0,0.0,83.756,5.406
2010-01-01,0.599,9.529,3.486,23.387,187.17899999999997,38.958,82.22200000000001,58.769,321.385,399.216,0.0,0.0,75.772,0.168
2010-02-01,0.5750000000000001,8.519,3.833,18.534,171.79700000000003,35.332,77.186,54.611,300.651,364.324,0.0,0.0,69.677,3.188
2010-03-01,0.666,9.511,5.386,29.305999999999997,187.221,39.925,84.798,60.806,328.984,405.003,0.0,0.0,70.597,2.142
2010-04-01,0.676,9.123000000000001,6.0329999999999995,33.316,179.128,39.183,85.39800000000001,58.262,321.156,391.80100000000004,0.0,0.0,64.482,3.612
2010-05-01,0.6010000000000001,9.525,6.761,29.676,181.788,38.922,90.375,60.243,328.506,414.177,0.0,0.0,84.97,3.086
2010-06-01,0.488,9.203,6.893999999999999,27.463,182.446,38.734,92.14,58.83,330.053,427.15700000000004,0.0,0.0,101.373,2.33
2010-07-01,0.38,9.399000000000001,7.1579999999999995,22.942,189.15699999999998,39.595,92.777,61.011,339.96799999999996,414.65,0.0,0.0,83.27,3.336
2010-08-01,0.341,9.478,7.072,22.812,190.52100000000002,39.609,92.601,61.912,341.59299999999996,401.786,0.0,0.0,68.306,2.858
2010-09-01,0.265,9.165,6.433999999999999,24.244,184.923,37.459999999999994,87.511,60.189,329.659,382.96000000000004,0.0,0.0,58.644,4.005
2010-10-01,0.41500000000000004,9.222,5.692,27.104,185.667,39.211,92.90100000000001,63.042,338.075,392.013,0.0,0.0,59.92,3.162
2010-11-01,0.464,9.164,4.72,33.259,183.82,40.201,89.90700000000001,63.625,335.668,403.216,0.0,0.0,66.28,2.541
2010-12-01,0.495,9.59,4.383,30.911,193.09500000000003,40.782,93.41,65.275,349.412,424.839,0.0,0.0,78.558,2.757
2011-01-01,0.494,9.989,3.923,29.174000000000003,193.636,38.536,83.97600000000001,64.758,340.328,428.678,0.579,0.0,86.618,3.369
2011-02-01,0.551,9.017,4.3740000000000006,35.660999999999994,173.103,35.781000000000006,82.048,57.526,312.15500000000003,399.312,0.126,0.0,81.784,3.79
2011-03-01,0.648,9.956,6.042999999999999,35.978,186.44400000000002,38.512,88.83,64.207,339.803,449.009,0.412,0.0,105.583,5.926
2011-04-01,0.637,9.447,6.761,42.383,175.84,35.683,84.00999999999999,60.515,321.19399999999996,438.61199999999997,0.257,0.0,105.798,7.982
2011-05-01,0.685,9.888,7.496,40.166999999999994,177.91400000000002,37.198,91.69200000000001,63.17,334.584,448.71299999999997,0.984,0.0,110.501,8.15
2011-06-01,0.52,9.363,7.667,37.481,184.15,38.055,93.946,62.05,345.996,450.2,0.597,0.0,109.18,10.288
2011-07-01,0.38,9.722999999999999,7.902,25.551000000000002,189.297,39.34,87.519,62.769,345.302,442.94100000000003,0.846,0.0,106.363,10.056
2011-08-01,0.333,9.742,7.957,25.5,189.485,39.448,96.971,63.739,357.90500000000003,425.564,1.105,0.0,87.572,11.684
2011-09-01,0.421,9.401,7.179,23.438,183.603,37.73,84.99799999999999,60.635,337.341,396.493,0.772,0.0,72.519,12.694
2011-10-01,0.436,9.763,6.507000000000001,35.912,182.755,39.842,90.364,63.884,344.525,407.84499999999997,0.757,0.0,67.078,11.451
2011-11-01,0.505,9.556,5.260000000000001,42.44,183.36700000000002,40.351,87.389,64.704,346.886,417.85200000000003,0.773,0.0,70.057,13.393
2011-12-01,0.613,9.911999999999999,5.057,36.358000000000004,193.62300000000002,41.317,92.89099999999999,67.742,366.20500000000004,436.694,0.87,0.0,80.36,14.289
2012-01-01,0.9470000000000001,9.689,4.606,46.508,184.807,38.397,83.325,65.545,341.103,429.904,0.552,0.0,77.894,5.584
2012-02-01,0.828,9.104,5.0760000000000005,37.708,173.56799999999998,36.328,83.074,60.18,326.625,392.67600000000004,0.417,0.0,68.381,7.769
2012-03-01,0.807,9.764,7.148,47.861000000000004,177.467,39.878,89.476,62.309,343.90999999999997,434.438,0.7,0.0,87.587,11.187
2012-04-01,0.617,9.464,8.094999999999999,43.363,168.213,37.233000000000004,87.95899999999999,59.597,329.35,417.278,0.723,0.0,89.103,11.534
2012-05-01,0.734,9.828,9.315999999999999,42.788,177.25,38.198,93.815,62.473,347.51699999999994,439.27299999999997,0.85,0.0,96.99,12.036
2012-06-01,0.604,9.564,9.605,40.85000000000001,176.385,37.006,91.355,59.964,342.052,425.982,0.789,0.0,90.352,12.461
2012-07-01,0.476,9.885000000000002,9.934000000000001,30.105,183.79000000000002,39.306,89.353,57.019,343.646,422.04100000000005,0.821,0.0,89.912,10.464
2012-08-01,0.525,9.828,9.684000000000001,28.898000000000003,185.197,39.275999999999996,96.366,58.937,354.52799999999996,412.154,0.717,0.0,78.066,11.14
2012-09-01,0.548,9.641,8.96,29.992,179.202,37.263999999999996,84.366,55.044,330.009,381.694,0.797,0.0,59.516,9.244
2012-10-01,0.664,9.914000000000001,8.215,43.114,180.239,40.766,93.134,56.339,342.629,396.57399999999996,1.13,0.0,55.64,8.125
2012-11-01,0.732,9.801,6.715999999999999,39.744,178.719,40.67,84.474,55.776,333.457,396.873,1.043,0.0,63.186,8.683
2012-12-01,0.642,10.123000000000001,6.44,49.55500000000001,186.371,42.283,87.131,57.689,344.016,432.457,1.161,0.0,77.78,6.487
2013-01-01,1.117,10.108,5.869,50.288,199.65800000000002,41.431,84.831,55.76,342.19,449.4,0.25,0.0,83.598,8.812
2013-02-01,1.2530000000000001,9.089,6.662,48.026,179.529,36.992000000000004,78.523,50.623,312.404,402.04600000000005,1.482,0.0,68.415,9.107
2013-03-01,1.0459999999999998,10.094999999999999,9.261,53.758,195.91700000000003,42.159,90.352,57.728,351.1,440.655,1.113,0.0,69.017,12.381
2013-04-01,0.868,9.565999999999999,10.151,59.629,185.36,40.771,90.476,57.686,341.481,450.469,1.142,0.0,84.763,13.033
2013-05-01,1.135,9.855,11.262999999999998,55.406000000000006,193.12,41.471,94.92699999999999,61.3,356.69100000000003,471.246,0.816,0.0,95.937,13.609
2013-06-01,1.1360000000000001,9.579999999999998,11.745000000000001,46.909000000000006,192.995,40.436,94.525,60.28,360.28700000000003,457.129,4.114,0.0,92.298,14.923
2013-07-01,1.1099999999999999,9.954,12.039000000000001,37.851,204.781,41.962,93.375,60.745,371.22,462.057,3.885,0.0,91.882,15.022
2013-08-01,0.832,9.905,12.336,32.871,202.37099999999998,42.198,93.12700000000001,59.328,368.464,434.547,4.353,0.0,72.981,15.639
2013-09-01,0.826,9.652,11.55,39.832,190.501,39.913000000000004,91.382,57.673,356.08399999999995,408.68600000000004,5.725,0.0,57.046,17.876
2013-10-01,0.821,10.045,10.947,46.522,195.16000000000003,41.976,95.32700000000001,63.174,374.17,428.271,5.322,0.0,57.861,21.762
2013-11-01,0.711,9.417,9.027999999999999,53.92,195.075,42.266999999999996,90.934,62.99,367.762,434.697,5.067,0.0,59.603,18.412
2013-12-01,1.11,10.052,8.8,47.655,203.78499999999997,44.857,94.042,66.344,387.51800000000003,455.327,5.307,0.0,70.98,21.736
2014-01-01,0.422,10.016,8.157,61.111999999999995,204.463,44.924,88.253,63.304,365.10200000000003,467.204,2.933,0.092,73.392,10.269
2014-02-01,0.366,8.986,8.799,47.797000000000004,185.762,40.827,83.55199999999999,56.76,334.86699999999996,409.626,2.575,0.108,58.99,9.663
2014-03-01,0.404,9.957,12.623000000000001,60.51500000000001,203.755,44.532,89.15899999999999,63.213,369.356,478.79,3.577,0.15,82.361,14.106
2014-04-01,0.445,9.701,13.934999999999999,63.584,192.911,43.899,90.985,62.303,359.36199999999997,474.589,4.382,0.114,86.356,12.32
2014-05-01,0.455,9.939,15.758,53.232,196.177,43.127,95.29299999999999,64.934,369.36699999999996,475.262,4.27,0.104,90.112,14.596
2014-06-01,0.35200000000000004,9.632,16.428,53.906,200.326,42.413,93.44099999999999,64.444,371.31,476.481,2.302,0.113,87.485,15.824
2014-07-01,0.315,9.895,16.395,41.583,206.685,44.994,97.289,66.216,385.033,470.433,3.776,0.163,82.792,15.048
2014-08-01,0.337,9.928,16.624,34.702,207.94000000000003,42.954,96.761,64.528,384.84799999999996,445.808,2.52,0.004,67.245,19.276
2014-09-01,0.302,9.68,15.631,39.304,195.84199999999998,40.635,90.17299999999999,62.607,362.529,419.991,2.185,0.084,54.544,18.554
2014-10-01,0.327,9.982,14.508,49.501,200.486,42.466,97.729,64.549,376.73,441.605,4.046,0.252,58.221,16.336
2014-11-01,0.34500000000000003,9.867999999999999,11.805,64.37400000000001,198.643,41.549,93.099,64.311,368.921,455.589,2.159,0.148,63.203,16.563
2014-12-01,0.434,10.084,10.387999999999998,50.193999999999996,208.088,43.559,95.56400000000001,69.306,389.57399999999996,469.336,3.75,0.215,75.752,18.229
2015-01-01,0.424,10.04,9.815000000000001,51.733000000000004,202.234,43.144999999999996,90.988,66.631,368.716,469.363,2.735,0.231,81.936,6.3
2015-02-01,0.366,9.17,11.48,50.912,182.561,38.436,85.953,60.029,342.256,431.84499999999997,2.972,0.161,75.674,11.476
2015-03-01,0.453,10.149000000000001,15.989,52.230999999999995,192.639,42.831,95.846,66.076,370.936,466.347,3.64,0.188,82.393,13.265
2015-04-01,0.479,9.561,18.058999999999997,60.963,187.51,41.652,91.768,62.596,360.591,460.445,3.876,0.159,76.192,15.172
2015-05-01,0.444,10.136,19.51,58.519999999999996,193.159,42.339,100.317,66.573,380.547,462.65999999999997,3.652,0.171,68.224,17.882
2015-06-01,0.401,9.66,19.804,45.793,190.357,41.985,98.093,66.661,379.64,447.58399999999995,3.908,0.146,69.252,20.633
2015-07-01,0.403,10.021999999999998,20.659,46.661,199.08499999999998,45.608000000000004,100.805,67.922,393.319,465.431,4.816,0.174,71.297,18.456
2015-08-01,0.316,9.979,20.721000000000004,44.629,199.921,44.071,101.408,66.85,392.891,455.21,4.189,0.224,64.929,19.774
2015-09-01,0.269,9.323,18.025,47.671,189.658,41.867000000000004,97.395,64.114,375.0,429.216,4.371,0.164,54.643,19.573
2015-10-01,0.4,9.907,15.939,55.888,187.83100000000002,44.542,98.161,67.022,375.832,441.545,4.579,0.154,56.343,17.09
2015-11-01,0.464,9.768999999999998,13.628,67.154,189.32100000000003,45.15,95.875,66.494,373.957,461.08299999999997,5.089,0.153,65.517,14.018
2015-12-01,0.508,10.091000000000001,12.546,68.576,197.49099999999999,46.745,96.469,69.602,388.49,487.703,4.522,0.198,78.532,17.009
2016-01-01,0.514,9.924,11.728,63.007,192.272,42.164,91.56200000000001,67.969,371.477,477.84200000000004,2.082,0.139,86.883,12.95
2016-02-01,0.455,9.274000000000001,15.427,68.71100000000001,180.931,40.467,93.477,64.31,362.277,464.937,3.066,0.087,81.908,15.171
2016-03-01,0.56,9.866,19.296,74.85700000000001,185.559,43.542,99.89699999999999,69.181,382.76,499.447,5.125,0.188,92.894,16.928
2016-04-01,0.488,9.33,21.402,70.968,173.78,42.679,92.568,63.034,357.548,472.90400000000005,3.632,0.149,87.807,18.154
2016-05-01,0.44699999999999995,9.957,24.459,64.309,181.2,42.940000000000005,100.974,67.853,383.652,481.405,5.221,0.233,86.513,22.893
2016-06-01,0.38,9.475,24.955,55.628,182.644,40.067,100.985,68.115,382.867,463.898,6.084,0.091,78.904,21.327
2016-07-01,0.40499999999999997,9.853000000000002,27.056,60.114000000000004,188.91699999999997,41.448,103.312,70.449,397.815,474.859,4.081,0.231,72.801,27.038
2016-08-01,0.38,9.897,26.740000000000002,46.367000000000004,190.643,41.958,104.69200000000001,71.346,404.294,457.59,5.205,0.238,66.391,27.871
2016-09-01,0.30300000000000005,9.732,24.198,55.968999999999994,179.32,39.308,98.056,67.27,380.20000000000005,435.264,6.096,0.178,55.544,26.417
2016-10-01,0.374,9.996,21.438000000000002,69.38400000000001,179.899,40.715,99.58500000000001,69.421,382.403,453.691,5.057,0.319,58.787,25.071
2016-11-01,0.296,9.858,17.985,66.21199999999999,183.07,43.322,98.267,68.746,390.03,456.99699999999996,6.93,0.284,63.878,25.857
2016-12-01,0.46900000000000003,10.34,16.201999999999998,78.972,208.331,44.609,103.51499999999999,73.126,423.097,512.267,4.409,0.352,76.396,26.415
2017-01-01,0.508,10.193999999999999,15.555,70.964,187.28699999999998,44.421,94.233,73.293,381.438,495.995,5.532,0.254,90.347,12.901
2017-02-01,0.462,9.098,17.857,75.37500000000001,170.113,39.585,87.47500000000001,65.312,348.168,462.003,4.17,0.266,81.022,14.202
2017-03-01,0.522,10.126,27.473,87.794,186.20499999999998,43.378,99.276,72.209,388.96000000000004,531.8299999999999,5.085,0.212,100.519,19.081
2017-04-01,0.597,9.794999999999998,30.174,86.589,174.281,40.534,97.377,66.121,369.04,511.38,4.729,0.399,99.749,20.906
2017-05-01,0.634,9.835,34.567,78.707,178.3,41.368,103.76899999999999,71.137,389.865,528.9399999999999,6.174,0.158,110.622,25.445
2017-06-01,0.523,9.599,36.083,68.724,181.387,40.044,103.72,68.766,389.367,512.696,5.272,0.241,103.8,25.244
2017-07-01,0.47100000000000003,10.077,34.634,55.001000000000005,188.278,41.027,102.313,70.082,394.33099999999996,493.573,5.175,0.23,90.282,23.71
2017-08-01,0.376,10.044,33.492000000000004,47.355000000000004,190.14,41.128,106.466,72.959,405.64599999999996,474.164,5.43,0.268,74.803,25.74
2017-09-01,0.304,9.762,30.88,61.114999999999995,174.645,38.224999999999994,99.531,68.586,372.831,452.177,4.857,0.22,65.042,22.075
2017-10-01,0.313,9.536,28.041999999999998,83.146,181.10399999999998,40.436,103.138,72.006,387.578,478.405,5.436,0.254,60.073,21.689
2017-11-01,0.445,9.671,20.500999999999998,77.16099999999999,181.853,41.676,101.063,72.985,387.841,475.38,4.109,0.306,67.414,21.156
2017-12-01,0.382,10.105,19.362,75.74799999999999,191.365,43.43600000000001,100.764,73.698,399.96,493.289,5.685,0.329,75.528,21.164
2018-01-01,0.348,9.969999999999999,20.417,87.343,196.774,43.327,100.188,72.637,386.481,519.69,2.581,0.259,85.17,15.29
2018-02-01,0.371,9.218,23.214,79.123,176.394,40.157,85.25800000000001,66.229,347.881,482.45099999999996,5.243,0.284,84.596,14.578
2018-03-01,0.37,10.056000000000001,30.918,90.294,192.887,43.24,99.38799999999999,72.3,386.861,531.604,3.18,0.295,87.866,20.149
2018-04-01,0.427,9.271999999999998,36.049,90.182,180.629,40.661,93.09299999999999,68.477,364.221,524.639,4.423,0.286,95.502,19.79
2018-05-01,0.429,10.111,40.277,81.729,189.19,40.753,107.532,72.295,394.651,542.202,7.906,0.264,103.447,21.288
2018-06-01,0.325,9.654,42.476,84.287,186.551,38.992999999999995,101.515,71.296,380.879,531.17,2.966,0.039,93.837,22.657
2018-07-01,0.33,10.065999999999999,40.715,56.116,196.18900000000002,39.5,105.219,74.606,395.666,506.718,3.474,0.002,85.31,21.252
2018-08-01,0.37,10.056999999999999,39.784,67.71600000000001,194.517,39.888,108.426,75.373,401.469,506.462,3.838,0.226,74.751,23.779
2018-09-01,0.361,9.75,35.355,63.189,181.76000000000002,36.522,93.26899999999999,68.472,365.22799999999995,463.886,6.191,0.429,65.032,21.725
2018-10-01,0.415,9.737,30.386000000000003,72.31400000000001,186.7,40.946,102.801,72.349,386.371,482.929,6.102,0.303,66.283,21.747
2018-11-01,0.45,9.76,23.469,75.117,184.713,40.939,98.938,70.414,378.492,482.835,6.192,0.315,74.316,20.119
2018-12-01,0.499,10.327,20.576999999999998,82.933,195.688,42.423,100.99799999999999,70.786,391.453,504.249,5.169,0.433,77.285,20.531
2019-01-01,0.478,10.136,22.25,82.917,196.586,39.485,92.719,70.154,375.216,509.569,6.449,0.308,84.133,15.847
2019-02-01,0.371,9.282,23.942,77.18900000000001,176.168,35.552,93.63,63.485,350.149,467.153,6.2,0.343,77.698,16.62
2019-03-01,0.431,10.247,35.49,87.937,189.541,38.428,98.588,68.586,376.964,523.732,7.461,0.415,89.421,20.275
2019-04-01,0.427,9.498000000000001,40.147000000000006,98.65899999999999,177.95,35.56,97.095,68.966,362.76099999999997,529.297,7.637,0.446,94.495,19.943
2019-05-01,0.428,9.972,43.147000000000006,87.96000000000001,185.52800000000002,36.011,106.717,72.293,385.84,547.983,9.551,0.438,108.694,21.633
2019-06-01,0.385,9.751000000000001,46.198,76.586,182.423,36.190000000000005,103.85600000000001,70.915,376.491,521.71,7.388,0.264,95.416,20.293
2019-07-01,0.299,10.085999999999999,47.573,75.40800000000002,192.531,36.537,104.222,72.377,390.372,523.244,9.092,0.301,84.577,21.643
2019-08-01,0.253,10.147,45.915,68.16499999999999,193.484,37.001000000000005,103.38300000000001,70.974,387.58,506.551,8.2,0.157,76.785,20.712
2019-09-01,0.22,9.886,40.157,83.639,182.032,34.605000000000004,96.477,64.984,360.733,482.086,7.949,0.372,62.99,19.151
2019-10-01,0.252,9.286,35.724000000000004,94.255,184.96800000000002,37.278999999999996,105.035,68.768,377.85699999999997,496.629,8.71,0.348,62.208,19.079
2019-11-01,0.269,8.575,26.634,85.929,184.035,36.963,102.5,69.605,374.563,484.52,8.561,0.339,68.713,17.395
2019-12-01,0.356,9.429,22.573999999999998,90.909,192.07,38.836,102.068,73.876,391.977,504.754,12.208,0.53,72.927,18.721
2020-01-01,0.407,9.294,26.740000000000002,95.951,173.894,39.66,99.312,73.866,382.196,507.264,7.574,0.324,83.179,16.795
2020-02-01,0.432,9.229000000000001,32.048,99.324,163.53400000000002,36.438,91.142,67.647,358.899,500.406,8.928,0.305,87.83,18.248
2020-03-01,0.477,10.378,38.732,100.038,169.726,39.022999999999996,79.467,65.207,351.43899999999996,507.808,8.163,0.381,80.807,18.7
2020-04-01,0.438,9.909,46.046,101.51400000000001,159.252,36.510000000000005,56.31,37.736,288.836,472.531,8.01,0.415,78.702,18.888
2020-05-01,0.427,10.027000000000001,54.208,96.824,164.166,37.236,81.31400000000001,46.906,327.315,515.144,7.836,0.291,101.852,18.794
2020-06-01,0.324,9.553,54.217999999999996,103.085,157.43200000000002,34.279,93.731,57.482,346.315,515.615,11.465,0.334,95.21,19.878
2020-07-01,0.28800000000000003,9.921,58.158,78.02,162.81400000000002,35.906,93.488,63.542,357.898,503.627,8.008,0.548,90.955,22.821
2020-08-01,0.273,9.893,52.712,78.575,165.238,36.431,92.469,62.938,357.967,489.21000000000004,8.848,0.321,79.17,20.951
2020-09-01,0.23199999999999998,9.600000000000001,44.932,79.11099999999999,157.424,34.251,91.73,61.526,348.129,454.524,9.26,0.434,63.499,21.788
2020-10-01,0.22899999999999998,9.771999999999998,40.675,98.34299999999999,162.77100000000002,36.324,88.087,65.533,350.611,481.38699999999994,6.306,0.17,63.952,20.65
2020-11-01,0.281,9.977,33.067,113.037,162.562,35.73,90.435,66.161,356.80899999999997,495.713,10.175,0.348,71.006,19.683
2020-12-01,0.33699999999999997,10.165,29.777,109.22,170.789,37.943,92.016,66.604,373.582,501.844,12.913,0.331,73.048,22.216
2021-01-01,0.379,9.988,32.033,102.56599999999999,171.546,38.372,81.67999999999999,63.624,349.43600000000004,505.139,9.672,0.377,83.42,13.393
2021-02-01,0.28500000000000003,9.264,35.565,91.15400000000001,153.589,33.864,76.78500000000001,50.556,315.48,445.71500000000003,9.579,0.838,68.42,16.667
2021-03-01,0.428,9.631,51.477000000000004,133.769,167.45399999999998,37.855,96.55000000000001,64.766,370.022,541.15,12.421,0.993,71.976,19.211
2021-04-01,0.377,9.613,59.068999999999996,123.36999999999999,161.71699999999998,35.515,91.17899999999999,62.332,355.08,521.355,12.764,0.908,65.777,18.95
2021-05-01,0.367,9.945999999999998,66.559,115.28,167.504,36.403000000000006,103.094,68.944,381.269,548.2189999999999,14.314,0.583,79.163,19.655
2021-06-01,0.28700000000000003,9.578,65.882,91.003,163.989,34.236999999999995,101.03399999999999,67.645,370.015,516.331,13.195,0.729,79.739,17.469
2021-07-01,0.337,10.001000000000001,66.269,74.09400000000001,173.061,35.669,103.958,69.433,383.623,508.011,11.401,0.733,75.059,18.595
2021-08-01,0.311,9.954999999999998,64.22800000000001,92.366,171.55,35.272,100.848,64.306,377.472,511.003,14.521,0.77,69.049,19.432
2021-09-01,0.32,9.802,59.025,98.94100000000002,164.003,34.477999999999994,95.27900000000001,62.037,356.405,490.11199999999997,10.779,0.598,57.759,17.515
2021-10-01,0.319,9.893,49.777,109.918,163.784,35.375,105.25800000000001,71.307,383.944,502.648,17.107,0.926,58.138,19.414
2021-11-01,0.345,9.878,42.083,121.983,160.582,35.235,100.048,71.496,374.924,511.29200000000003,16.049,1.328,65.757,18.47
2021-12-01,0.316,10.458,34.895,135.965,170.653,37.993,99.259,73.048,388.78,547.309,16.299,1.323,80.077,19.431
2022-01-01,0.34400000000000003,10.408999999999999,41.783,127.665,174.51399999999998,36.596,90.446,70.912,367.88,548.431,15.974,0.961,82.218,14.361
2022-02-01,0.355,9.112,47.416,128.44299999999998,159.461,33.263,84.29499999999999,62.453,337.627,516.6129999999999,14.395,1.215,72.391,14.953
2022-03-01,0.46,9.782,62.794999999999995,146.821,168.66899999999998,36.768,99.926,69.748,376.433,582.3679999999999,17.546,1.484,82.917,18.175
2022-04-01,0.419,9.593,71.078,157.522,163.904,34.089,93.226,64.054,358.523,572.819,16.824,2.2,68.046,18.952
2022-05-01,0.37699999999999995,9.921,79.467,143.726,169.674,34.591,101.27000000000001,69.146,376.017,590.693,17.889,2.019,79.323,17.312
2022-06-01,0.309,9.574,82.61800000000001,115.215,168.029,33.32,100.93,69.178,379.423,571.056,22.063,2.098,88.362,18.53
2022-07-01,0.269,9.969999999999999,82.572,100.56800000000001,175.224,33.989999999999995,97.858,69.699,378.972,560.1659999999999,17.976,2.35,83.555,17.756
2022-08-01,0.28300000000000003,10.013,77.174,84.33900000000001,173.959,33.805,103.663,67.536,384.981,523.505,21.136,2.518,71.823,18.248
2022-09-01,0.268,9.754999999999999,70.118,93.254,162.402,32.226,93.779,59.939,352.041,489.925,18.952,2.414,57.825,17.053
2022-10-01,0.22799999999999998,9.823,63.196,111.72500000000001,162.697,34.372,102.517,69.516,376.88300000000004,504.875,21.938,2.556,48.794,19.168
2022-11-01,0.272,9.985,46.708,140.57,163.897,34.132000000000005,98.44099999999999,69.719,371.98900000000003,530.425,18.157,2.344,60.797,20.024
2022-12-01,0.38,10.45,39.657,131.97499999999997,169.281,35.175,96.385,66.33,373.464,526.825,21.816,3.327,69.325,17.031
2023-01-01,0.388,10.709,44.384,133.79000000000002,173.739,35.76,95.35799999999999,68.831,381.457,547.463,24.586,3.299,75.655,18.13
2023-02-01,0.33,9.313,50.469,143.932,154.052,32.013999999999996,85.894,62.007,341.586,519.312,23.567,2.007,63.408,16.592
2023-03-01,0.291,10.102,67.227,152.107,165.385,34.22,100.721,67.92,381.84799999999996,570.317,28.419,3.137,68.556,20.292
2023-04-01,0.241,9.815,79.419,146.963,152.052,32.329,94.273,64.545,354.443,548.92,27.982,2.443,59.338,17.835
2023-05-01,0.271,10.07,90.23,109.41000000000001,163.69,34.016999999999996,101.923,68.537,393.79499999999996,574.0939999999999,38.034,3.174,93.261,22.667
2023-06-01,0.216,9.562,92.072,93.98400000000001,156.286,31.724,101.906,68.812,382.506,523.358,35.049,2.973,66.135,22.769
2023-07-01,0.25,9.84,97.697,95.206,162.199,32.875,99.404,70.757,380.05600000000004,545.288,28.849,3.294,72.011,20.925
2023-08-01,0.254,9.966999999999999,93.24799999999999,97.397,163.072,32.524,105.157,68.752,392.372,541.66,37.358,2.178,71.735,21.578
2023-09-01,0.224,9.828,81.551,96.321,152.9,31.597,95.43599999999999,66.935,371.006,499.536,34.017,3.978,55.919,23.156
2023-10-01,0.255,10.219,74.225,124.48400000000001,154.197,32.985,104.17,70.382,381.61800000000005,532.7620000000001,32.532,3.506,61.371,22.092
2023-11-01,0.301,10.029,56.342000000000006,126.38900000000001,158.806,32.191,98.343,69.786,373.041,519.638,26.467,3.303,61.456,21.16
2023-12-01,0.269,10.213999999999999,50.675,130.92000000000002,161.75799999999998,35.888,97.889,74.073,394.023,533.819,38.344,4.101,65.64,20.219
2024-01-01,0.381,10.046,52.858000000000004,119.336,161.067,34.277,90.072,67.742,373.18499999999995,521.761,30.78,3.442,72.078,19.867
