Date,Total Energy Consumption (TWh),Per Capita Energy Use (kWh),Renewable Energy Share (%),Fossil Fuel Dependency (%),Industrial Energy Use (%),Household Energy Use (%),Carbon Emissions (Million Tons),Energy Price Index (USD/kWh)
2000-01-01,4786.673526315789,25310.660736842106,48.543263157894735,45.15589473684211,39.67602631578947,24.865210526315792,2460.819605263158,0.2838684210526316
2000-02-01,4806.540342294987,25398.743794607384,48.601909803133786,45.21935389045132,39.75494524239989,24.83545061604393,2462.2261436710414,0.28260245636355524
2000-03-01,4826.4071582741835,25486.826852372662,48.66055644837284,45.28281304406053,39.83386416901031,24.805690705772065,2463.632682078925,0.28133649167447883
2000-04-01,4846.273974253381,25574.90991013794,48.719203093611895,45.34627219766975,39.91278309562073,24.7759307955002,2465.0392204868085,0.28007052698540247
2000-05-01,4866.140790232578,25662.992967903218,48.777849738850946,45.409731351278964,39.99170202223115,24.74617088522834,2466.445758894692,0.27880456229632605
2000-06-01,4886.007606211776,25751.076025668495,48.83649638409,45.47319050488818,40.07062094884157,24.716410974956478,2467.8522973025756,0.2775385976072497
2000-07-01,4905.874422190973,25839.159083433777,48.89514302932905,45.536649658497396,40.14953987545199,24.686651064684614,2469.2588357104596,0.2762726329181733
2000-08-01,4925.741238170171,25927.242141199054,48.9537896745681,45.600108812106605,40.228458802062406,24.65689115441275,2470.665374118343,0.2750066682290969
2000-09-01,4945.608054149368,26015.325198964332,49.01243631980715,45.66356796571582,40.307377728672826,24.627131244140887,2472.0719125262267,0.27374070354002056
2000-10-01,4965.474870128565,26103.40825672961,49.0710829650462,45.72702711932504,40.386296655283246,24.597371333869027,2473.4784509341102,0.27247473885094414
2000-11-01,4985.341686107763,26191.491314494888,49.12972961028526,45.790486272934245,40.465215581893666,24.567611423597164,2474.884989341994,0.2712087741618678
2000-12-01,5005.20850208696,26279.574372260166,49.18837625552431,45.85394542654346,40.54413450850409,24.5378515133253,2476.2915277498773,0.26994280947279137
2001-01-01,5025.075318066158,26367.657430025443,49.24702290076336,45.91740458015268,40.62305343511451,24.508091603053437,2477.698066157761,0.268676844783715
2001-02-01,5033.830378926236,26259.963311752712,48.95745244397932,45.79791880420805,40.51963365960765,24.583279757996117,2476.199896218091,0.26931578155353086
2001-03-01,5042.585439786314,26152.269193479984,48.66788198719527,45.678433028263434,40.4162138841008,24.658467912938796,2474.7017262784207,0.2699547183233467
2001-04-01,5051.340500646393,26044.575075207256,48.37831153041123,45.55894725231881,40.31279410859395,24.733656067881476,2473.203556338751,0.2705936550931626
2001-05-01,5060.09556150647,25936.880956934525,48.08874107362719,45.439461476374184,40.20937433308709,24.808844222824156,2471.705386399081,0.27123259186297843
2001-06-01,5068.850622366549,25829.186838661793,47.79917061684314,45.319975700429566,40.10595455758023,24.884032377766836,2470.2072164594106,0.2718715286327943
2001-07-01,5077.605683226628,25721.492720389066,47.5096001600591,45.20048992448494,40.00253478207338,24.959220532709516,2468.7090465197407,0.27251046540261015
2001-08-01,5086.360744086705,25613.798602116338,47.22002970327506,45.081004148540316,39.89911500656653,25.034408687652192,2467.210876580071,0.27314940217242606
2001-09-01,5095.115804946784,25506.104483843606,46.93045924649101,44.9615183725957,39.795695231059675,25.109596842594872,2465.7127066404005,0.2737883389422419
2001-10-01,5103.870865806862,25398.410365570875,46.64088878970697,44.84203259665107,39.69227545555282,25.18478499753755,2464.2145367007306,0.27442727571205777
2001-11-01,5112.62592666694,25290.716247298147,46.35131833292293,44.72254682070645,39.58885568004597,25.25997315248023,2462.7163667610607,0.27506621248187363
2001-12-01,5121.380987527018,25183.02212902542,46.06174787613888,44.60306104476183,39.485435904539116,25.33516130742291,2461.2181968213904,0.2757051492516895
2002-01-01,5130.136048387097,25075.328010752688,45.77217741935484,44.483575268817205,39.38201612903226,25.41034946236559,2459.7200268817205,0.27634408602150534
2002-02-01,5138.623567271506,25141.574774439963,45.911633467741936,44.51719399641577,39.428525201612906,25.36100575716846,2472.6411329749103,0.27592582885304656
2002-03-01,5147.111086155914,25207.82153812724,46.05108951612903,44.550812724014335,39.47503427419355,25.311662051971325,2485.5622390681006,0.2755075716845878
2002-04-01,5155.598605040323,25274.068301814514,46.19054556451613,44.5844314516129,39.521543346774195,25.262318346774194,2498.4833451612903,0.275089314516129
2002-05-01,5164.0861239247315,25340.315065501793,46.330001612903224,44.61805017921147,39.568052419354835,25.212974641577063,2511.40445125448,0.2746710573476702
2002-06-01,5172.5736428091395,25406.561829189068,46.46945766129032,44.65166890681004,39.61456149193548,25.163630936379928,2524.3255573476704,0.27425280017921144
2002-07-01,5181.0611616935485,25472.808592876343,46.60891370967742,44.6852876344086,39.66107056451612,25.114287231182796,2537.24666344086,0.27383454301075266
2002-08-01,5189.548680577957,25539.05535656362,46.74836975806451,44.71890636200717,39.70757963709677,25.064943525985665,2550.16776953405,0.2734162858422939
2002-09-01,5198.036199462365,25605.302120250893,46.88782580645161,44.75252508960573,39.75408870967742,25.01559982078853,2563.08887562724,0.2729980286738351
2002-10-01,5206.523718346774,25671.548883938172,47.027281854838705,44.786143817204305,39.80059778225806,24.9662561155914,2576.00998172043,0.2725797715053763
2002-11-01,5215.011237231183,25737.795647625448,47.1667379032258,44.81976254480287,39.84710685483871,24.916912410394268,2588.93108781362,0.27216151433691754
2002-12-01,5223.498756115591,25804.042411312723,47.3061939516129,44.853381272401435,39.89361592741935,24.867568705197133,2601.85219390681,0.27174325716845876
2003-01-01,5231.986275,25870.289174999998,47.44564999999999,44.887,39.940124999999995,24.818225,2614.7733,0.271325
2003-02-01,5240.468468215241,25829.67238546123,47.358635049019604,44.894651960784316,39.991074922014256,24.771561419340465,2606.0428868538324,0.2715131573083779
2003-03-01,5248.950661430481,25789.05559592246,47.27162009803921,44.90230392156863,40.04202484402852,24.724897838680928,2597.3124737076646,0.2717013146167558
2003-04-01,5257.432854645722,25748.43880638369,47.18460514705882,44.909955882352946,40.09297476604278,24.67823425802139,2588.582060561497,0.2718894719251337
2003-05-01,5265.915047860963,25707.82201684492,47.09759019607843,44.917607843137255,40.14392468805704,24.631570677361854,2579.85164741533,0.2720776292335116
2003-06-01,5274.3972410762035,25667.20522730615,47.01057524509804,44.92525980392157,40.1948746100713,24.584907096702317,2571.121234269162,0.2722657865418895
2003-07-01,5282.879434291444,25626.58843776738,46.92356029411765,44.932911764705885,40.245824532085564,24.538243516042783,2562.3908211229946,0.2724539438502674
2003-08-01,5291.361627506684,25585.97164822861,46.83654534313725,44.9405637254902,40.29677445409982,24.491579935383246,2553.660407976827,0.2726421011586453
2003-09-01,5299.843820721925,25545.35485868984,46.74953039215686,44.948215686274516,40.34772437611408,24.44491635472371,2544.9299948306593,0.2728302584670232
2003-10-01,5308.326013937166,25504.73806915107,46.662515441176474,44.955867647058824,40.39867429812834,24.398252774064172,2536.199581684492,0.2730184157754011
2003-11-01,5316.808207152406,25464.1212796123,46.57550049019608,44.96351960784314,40.4496242201426,24.351589193404635,2527.4691685383245,0.273206573083779
2003-12-01,5325.290400367647,25423.50449007353,46.48848553921569,44.971171568627454,40.500574142156864,24.304925612745098,2518.7387553921567,0.2733947303921569
2004-01-01,5333.772593582888,25382.88770053476,46.4014705882353,44.97882352941177,40.551524064171126,24.25826203208556,2510.0083422459893,0.2735828877005348
2004-02-01,5319.661614270708,25325.906199979992,46.425132052821134,45.03297769107643,40.40865046018408,24.33221638655462,2511.6840479941975,0.2747043817527011
2004-03-01,5305.5506349585285,25268.924699425224,46.44879351740697,45.0871318527411,40.26577685619703,24.406170741023683,2513.359753742406,0.27582587580486745
2004-04-01,5291.439655646349,25211.94319887046,46.4724549819928,45.141286014405765,40.12290325220998,24.480125095492742,2515.0354594906144,0.2769473698570337
2004-05-01,5277.32867633417,25154.961698315692,46.49611644657863,45.19544017607043,39.98002964822293,24.554079449961804,2516.711165238823,0.27806886390920005
2004-06-01,5263.217697021991,25097.980197760924,46.51977791116447,45.2495943377351,39.83715604423588,24.628033804430864,2518.386870987031,0.2791903579613664
2004-07-01,5249.106717709811,25040.998697206156,46.5434393757503,45.30374849939976,39.69428244024883,24.701988158899923,2520.0625767352394,0.2803118520135327
2004-08-01,5234.995738397632,24984.017196651388,46.56710084033614,45.35790266106442,39.55140883626178,24.775942513368985,2521.738282483448,0.28143334606569903
2004-09-01,5220.884759085452,24927.03569609662,46.590762304921974,45.41205682272909,39.40853523227473,24.849896867838044,2523.4139882316563,0.28255484011786536
2004-10-01,5206.773779773273,24870.054195541852,46.61442376950781,45.466210984393754,39.26566162828768,24.923851222307107,2525.089693979865,0.2836763341700317
2004-11-01,5192.662800461094,24813.072694987088,46.63808523409364,45.52036514605842,39.12278802430063,24.997805576776166,2526.765399728073,0.28479782822219796
2004-12-01,5178.551821148914,24756.09119443232,46.66174669867947,45.57451930772309,38.979914420313584,25.07175993124523,2528.441105476282,0.2859193222743643
2005-01-01,5164.440841836735,24699.10969387755,46.68540816326531,45.62867346938775,38.837040816326535,25.145714285714288,2530.11681122449,0.2870408163265306
2005-02-01,5144.165494610916,24634.82511278877,46.86095156082738,45.708212947615586,38.948042491108126,25.18123640319072,2528.651945822111,0.2845695638661556
2005-03-01,5123.8901473850965,24570.54053169999,47.03649495838945,45.78775242584343,39.05904416588971,25.216758520667153,2527.1870804197315,0.28209831140578057
2005-04-01,5103.614800159277,24506.25595061121,47.21203835595152,45.867291904071266,39.1700458406713,25.252280638143585,2525.722215017352,0.27962705894540557
2005-05-01,5083.339452933457,24441.97136952243,47.38758175351359,45.94683138229911,39.28104751545288,25.287802755620017,2524.257349614973,0.2771558064850306
2005-06-01,5063.064105707638,24377.68678843365,47.56312515107566,46.026370860526946,39.392049190234474,25.32332487309645,2522.792484212594,0.2746845540246555
2005-07-01,5042.788758481819,24313.40220734487,47.73866854863773,46.10591033875478,39.503050865016064,25.35884699057288,2521.3276188102145,0.27221330156428053
2005-08-01,5022.513411256,24249.117626256088,47.9142119461998,46.185449816982626,39.61405253979765,25.39436910804931,2519.862753407835,0.26974204910390553
2005-09-01,5002.238064030181,24184.833045167306,48.08975534376187,46.26498929521046,39.72505421457924,25.429891225525743,2518.397888005456,0.2672707966435305
2005-10-01,4981.962716804361,24120.54846407853,48.26529874132394,46.344528773438306,39.83605588936082,25.465413343002176,2516.933022603077,0.2647995441831555
2005-11-01,4961.687369578542,24056.263882989748,48.44084213888601,46.42406825166614,39.94705756414241,25.50093546047861,2515.4681572006975,0.2623282917227805
2005-12-01,4941.4120223527225,23991.979301900967,48.61638553644808,46.503607729893986,40.058059238923995,25.53645757795504,2514.003291798318,0.25985703926240544
2006-01-01,4921.136675126903,23927.694720812186,48.79192893401015,46.58314720812182,40.169060913705586,25.571979695431473,2512.538426395939,0.25738578680203045
2006-02-01,4946.635064115925,24113.571219520672,48.63141794796341,46.42660877330652,40.12424987943141,25.502193142712343,2514.985546257469,0.25872682630765836
2006-03-01,4972.133453104948,24299.447718229156,48.47090696191667,46.270070338491216,40.07943884515723,25.432406589993217,2517.432666118999,0.2600678658132862
2006-04-01,4997.63184209397,24485.324216937643,48.31039597586993,46.113531903675906,40.03462781088305,25.362620037274088,2519.879785980529,0.26140890531891414
2006-05-01,5023.130231082992,24671.200715646126,48.14988498982319,45.9569934688606,39.989816776608876,25.29283348455496,2522.326905842059,0.26274994482454206
2006-06-01,5048.628620072014,24857.077214354613,47.989374003776454,45.8004550340453,39.9450057423347,25.22304693183583,2524.7740257035894,0.2640909843301699
2006-07-01,5074.127009061036,25042.9537130631,47.82886301772972,45.643916599229996,39.900194708060525,25.153260379116702,2527.2211455651195,0.26543202383579784
2006-08-01,5099.625398050059,25228.830211771583,47.66835203168297,45.48737816441469,39.85538367378634,25.083473826397576,2529.668265426649,0.26677306334142575
2006-09-01,5125.1237870390805,25414.70671048007,47.50784104563623,45.33083972959939,39.810572639512166,25.013687273678446,2532.1153852881794,0.2681141028470536
2006-10-01,5150.622176028103,25600.583209188553,47.347330059589495,45.17430129478409,39.76576160523799,24.94390072095932,2534.5625051497095,0.26945514235268153
2006-11-01,5176.120565017125,25786.45970789704,47.18681907354275,45.01776285996878,39.72095057096381,24.87411416824019,2537.009625011239,0.27079618185830945
2006-12-01,5201.618954006148,25972.336206605523,47.02630808749601,44.86122442515347,39.67613953668963,24.804327615521064,2539.4567448727694,0.2721372213639373
2007-01-01,5227.11734299517,26158.21270531401,46.865797101449274,44.70468599033817,39.63132850241546,24.734541062801934,2541.9038647342995,0.2734782608695652
2007-02-01,5224.881652953905,26042.42444601701,46.756692047856276,44.577277261976654,39.72433845360306,24.77202071381844,2541.612563940469,0.27338805857487924
2007-03-01,5222.645962912641,25926.63618672001,46.647586994263285,44.449868533615145,39.81734840479066,24.809500364834946,2541.3212631466386,0.27329785628019326
2007-04-01,5220.410272871377,25810.84792742301,46.53848194067029,44.32245980525363,39.91035835597826,24.84698001585145,2541.029962352808,0.2732076539855073
2007-05-01,5218.174582830113,25695.059668126007,46.4293768870773,44.19505107689211,40.00336830716586,24.884459666867958,2540.7386615589776,0.27311745169082124
2007-06-01,5215.9388927888485,25579.27140882901,46.3202718334843,44.0676423485306,40.09637825835346,24.921939317884462,2540.447360765147,0.27302724939613526
2007-07-01,5213.703202747585,25463.483149532007,46.2111667798913,43.94023362016908,40.189388209541065,24.95941896890097,2540.1560599713166,0.2729370471014493
2007-08-01,5211.467512706321,25347.694890235005,46.10206172629831,43.81282489180757,40.28239816072866,24.996898619917474,2539.8647591774857,0.2728468448067633
2007-09-01,5209.231822665057,25231.906630938007,45.99295667270531,43.68541616344606,40.375408111916265,25.034378270933978,2539.573458383655,0.2727566425120773
2007-10-01,5206.996132623793,25116.118371641005,45.88385161911232,43.55800743508454,40.46841806310386,25.071857921950485,2539.2821575898247,0.2726664402173913
2007-11-01,5204.760442582528,25000.330112344003,45.77474656551932,43.43059870672303,40.561428014291465,25.10933757296699,2538.990856795994,0.2725762379227053
2007-12-01,5202.524752541264,24884.541853047005,45.66564151192633,43.303189978361516,40.65443796547906,25.146817223983497,2538.6995560021637,0.2724860356280193
2008-01-01,5200.2890625,24768.753593750003,45.55653645833333,43.17578125,40.747447916666665,25.184296875,2538.4082552083332,0.27239583333333334
2008-02-01,5191.734065053104,24681.993416819856,45.62387778288399,43.30064057393791,40.6467680249183,25.20072801776961,2543.5902470128676,0.2719122753267974
2008-03-01,5183.179067606209,24595.23323988971,45.69121910743464,43.42549989787582,40.54608813316993,25.217159160539218,2548.772238817402,0.2714287173202614
2008-04-01,5174.624070159314,24508.47306295956,45.758560431985295,43.55035922181372,40.44540824142157,25.233590303308823,2553.9542306219364,0.2709451593137255
2008-05-01,5166.069072712418,24421.712886029414,45.82590175653595,43.67521854575163,40.344728349673204,25.25002144607843,2559.136222426471,0.27046160130718955
2008-06-01,5157.5140752655225,24334.952709099267,45.8932430810866,43.800077869689545,40.24404845792483,25.26645258884804,2564.318214231005,0.2699780433006536
2008-07-01,5148.9590778186275,24248.19253216912,45.960584405637256,43.92493719362745,40.14336856617647,25.282883731617645,2569.500206035539,0.2694944852941177
2008-08-01,5140.404080371733,24161.432355238972,46.02792573018791,44.049796517565355,40.042688674428106,25.299314874387253,2574.6821978400735,0.2690109272875817
2008-09-01,5131.849082924837,24074.672178308825,46.095267054738564,44.17465584150327,39.942008782679736,25.31574601715686,2579.864189644608,0.26852736928104576
2008-10-01,5123.294085477941,23987.912001378678,46.16260837928922,44.29951516544118,39.84132889093137,25.33217715992647,2585.0461814491423,0.2680438112745098
2008-11-01,5114.739088031046,23901.15182444853,46.22994970383987,44.42437448937908,39.74064899918301,25.34860830269608,2590.2281732536767,0.26756025326797384
2008-12-01,5106.184090584151,23814.391647518383,46.297291028390525,44.54923381331699,39.63996910743464,25.365039445465683,2595.410165058211,0.2670766952614379
2009-01-01,5097.629093137255,23727.631470588236,46.36463235294118,44.6740931372549,39.539289215686274,25.381470588235292,2600.5921568627455,0.26659313725490197
2009-02-01,5108.56184360627,23803.964799685305,46.64429004780925,44.7010720013314,39.50239885923505,25.334434458968772,2599.5656010953767,0.26705965565238443
2009-03-01,5119.494594075284,23880.29812878238,46.92394774267732,44.72805086540789,39.46550850278383,25.28739832970225,2598.539045328008,0.2675261740498669
2009-04-01,5130.4273445443,23956.631457879448,47.20360543754539,44.755029729484384,39.42861814633261,25.24036220043573,2597.5124895606396,0.2679926924473493
2009-05-01,5141.360095013314,24032.96478697652,47.48326313241346,44.78200859356088,39.39172778988139,25.193326071169206,2596.4859337932708,0.26845921084483176
2009-06-01,5152.292845482329,24109.29811607359,47.76292082728153,44.80898745763737,39.35483743343016,25.146289941902687,2595.459378025902,0.2689257292423142
2009-07-01,5163.225595951344,24185.631445170664,48.042578522149604,44.83596632171387,39.31794707697894,25.099253812636164,2594.432822258533,0.26939224763979663
2009-08-01,5174.158346420359,24261.964774267733,48.322236217017675,44.862945185790366,39.281056720527715,25.052217683369644,2593.4062664911644,0.2698587660372791
2009-09-01,5185.091096889373,24338.298103364803,48.601893911885746,44.889924049866856,39.24416636407649,25.005181554103125,2592.3797107237956,0.27032528443476156
2009-10-01,5196.023847358388,24414.631432461876,48.88155160675382,44.91690291394335,39.20727600762527,24.9581454248366,2591.353154956427,0.270791802832244
2009-11-01,5206.956597827402,24490.964761558946,49.16120930162189,44.94388177801985,39.17038565117405,24.911109295570082,2590.3265991890585,0.2712583212297265
2009-12-01,5217.889348296418,24567.29809065602,49.44086699648996,44.97086064209634,39.13349529472283,24.86407316630356,2589.3000434216897,0.2717248396272089
2010-01-01,5228.822098765432,24643.63141975309,49.72052469135803,44.99783950617284,39.096604938271604,24.81703703703704,2588.273487654321,0.27219135802469135
2010-02-01,5222.55881553498,24711.091709773664,49.584074717078195,44.729954963991766,39.251002443415636,24.87147978395062,2574.5531282664606,0.27295249485596706
2010-03-01,5216.295532304527,24778.55199979424,49.44762474279836,44.4620704218107,39.40539994855967,24.9259225308642,2560.8327688786007,0.2737136316872428
2010-04-01,5210.032249074075,24846.01228981482,49.311174768518526,44.19418587962963,39.5597974537037,24.98036527777778,2547.112409490741,0.2744747685185185
2010-05-01,5203.768965843621,24913.472579835394,49.174724794238685,43.92630133744856,39.714194958847735,25.03480802469136,2533.3920501028806,0.27523590534979425
2010-06-01,5197.505682613169,24980.93286985597,49.03827481995885,43.65841679526749,39.86859246399177,25.089250771604938,2519.6716907150203,0.27599704218106996
2010-07-01,5191.242399382716,25048.393159876545,48.901824845679016,43.39053225308642,40.02298996913581,25.143693518518518,2505.9513313271605,0.2767581790123457
2010-08-01,5184.9791161522635,25115.85344989712,48.76537487139918,43.12264771090535,40.17738747427984,25.1981362654321,2492.2309719393006,0.2775193158436214
2010-09-01,5178.715832921811,25183.313739917696,48.62892489711935,42.85476316872428,40.33178497942387,25.25257901234568,2478.5106125514403,0.2782804526748971
2010-10-01,5172.4525496913575,25250.77402993827,48.492474922839506,42.58687862654321,40.486182484567905,25.30702175925926,2464.79025316358,0.27904158950617286
2010-11-01,5166.189266460905,25318.23431995885,48.35602494855967,42.31899408436214,40.64057998971194,25.36146450617284,2451.06989377572,0.27980272633744857
2010-12-01,5159.925983230452,25385.694609979426,48.21957497427984,42.051109542181074,40.79497749485597,25.41590725308642,2437.3495343878603,0.2805638631687243
2011-01-01,5153.6627,25453.1549,48.083125,41.783225,40.949375,25.47035,2423.629175,0.281325
2011-02-01,5157.9710111972945,25380.47124584328,48.0250205101432,42.100607403540174,40.90595452963405,25.486370952665077,2431.849886152546,0.2800670097454256
2011-03-01,5162.27932239459,25307.787591686556,47.9669160202864,42.41798980708035,40.8625340592681,25.50239190533015,2440.0705973050917,0.27880901949085124
2011-04-01,5166.587633591886,25235.103937529835,47.908811530429595,42.735372210620525,40.819113588902155,25.518412857995227,2448.2913084576376,0.27755102923627684
2011-05-01,5170.89594478918,25162.42028337311,47.85070704057279,43.052754614160705,40.7756931185362,25.534433810660303,2456.512019610183,0.27629303898170243
2011-06-01,5175.204255986475,25089.73662921639,47.79260255071599,43.37013701770088,40.73227264817025,25.550454763325376,2464.732730762729,0.2750350487271281
2011-07-01,5179.51256718377,25017.05297505967,47.734498060859195,43.68751942124105,40.6888521778043,25.566475715990453,2472.9534419152747,0.2737770584725537
2011-08-01,5183.820878381066,24944.369320902944,47.67639357100239,44.00490182478123,40.64543170743835,25.58249666865553,2481.1741530678205,0.2725190682179793
2011-09-01,5188.129189578361,24871.685666746223,47.61828908114559,44.3222842283214,40.6020112370724,25.598517621320603,2489.3948642203663,0.27126107796340493
2011-10-01,5192.437500775655,24799.0020125895,47.56018459128879,44.63966663186158,40.558590766706445,25.61453857398568,2497.6155753729117,0.2700030877088305
2011-11-01,5196.745811972951,24726.318358432778,47.502080101431986,44.95704903540175,40.5151702963405,25.630559526650757,2505.8362865254576,0.2687450974542561
2011-12-01,5201.054123170246,24653.634704276054,47.44397561157518,45.27443143894193,40.47174982597455,25.64658047931583,2514.0569976780034,0.2674871071996818
2012-01-01,5205.362434367541,24580.951050119333,47.38587112171838,45.591813842482104,40.4283293556086,25.662601431980907,2522.2777088305493,0.26622911694510737
2012-02-01,5198.194161328141,24702.378844814903,47.36935011554344,45.62488324032037,40.41182906051924,25.578721321003382,2526.4033863945865,0.2676356713183117
2012-03-01,5191.02588828874,24823.806639510472,47.35282910936849,45.65795263815865,40.39532876542989,25.49484121002586,2530.5290639586237,0.2690422256915159
2012-04-01,5183.85761524934,24945.23443420604,47.336308103193545,45.691022035996916,40.37882847034054,25.410961099048336,2534.6547415226614,0.27044878006472023
2012-05-01,5176.689342209939,25066.66222890161,47.319787097018605,45.72409143383519,40.36232817525118,25.327080988070815,2538.7804190866987,0.27185533443792453
2012-06-01,5169.521069170539,25188.09002359718,47.303266090843664,45.75716083167346,40.34582788016182,25.24320087709329,2542.906096650736,0.27326188881112884
2012-07-01,5162.352796131139,25309.51781829275,47.286745084668716,45.790230229511735,40.32932758507247,25.15932076611577,2547.0317742147736,0.27466844318433314
2012-08-01,5155.184523091739,25430.94561298832,47.27022407849377,45.82329962735,40.31282728998312,25.075440655138244,2551.157451778811,0.2760749975575374
2012-09-01,5148.016250052338,25552.37340768389,47.25370307231883,45.85636902518827,40.29632699489376,24.99156054416072,2555.283129342848,0.2774815519307417
2012-10-01,5140.847977012938,25673.801202379458,47.23718206614389,45.88943842302655,40.2798266998044,24.9076804331832,2559.4088069068853,0.278888106303946
2012-11-01,5133.6797039735375,25795.228997075024,47.22066105996894,45.922507820864816,40.26332640471505,24.823800322205674,2563.5344844709225,0.28029466067715025
2012-12-01,5126.511430934137,25916.656791770594,47.20414005379399,45.95557721870309,40.2468261096257,24.739920211228153,2567.66016203496,0.28170121505035456
2013-01-01,5119.343157894737,26038.084586466164,47.18761904761905,45.98864661654136,40.23032581453634,24.656040100250628,2571.7858395989974,0.28310776942355886
2013-02-01,5109.015716959064,25940.81629314954,47.0188007936508,45.99781310219995,40.21696903369535,24.6759589807853,2566.8735048175995,0.28256915900863266
2013-03-01,5098.688276023391,25843.547999832914,46.84998253968254,46.00697958785854,40.20361225285436,24.695877861319968,2561.9611700362016,0.28203054859370646
2013-04-01,5088.360835087719,25746.27970651629,46.68116428571429,46.016146073517135,40.19025547201337,24.71579674185464,2557.0488352548036,0.28149193817878027
2013-05-01,5078.033394152047,25649.011413199663,46.512346031746034,46.025312559175724,40.176898691172376,24.735715622389307,2552.1365004734057,0.28095332776385407
2013-06-01,5067.705953216374,25551.743119883038,46.34352777777778,46.03447904483431,40.16354191033139,24.75563450292398,2547.224165692008,0.28041471734892787
2013-07-01,5057.378512280702,25454.474826566417,46.174709523809526,46.0436455304929,40.150185129490396,24.77555338345865,2542.31183091061,0.27987610693400167
2013-08-01,5047.051071345029,25357.20653324979,46.00589126984127,46.05281201615149,40.1368283486494,24.795472263993318,2537.399496129212,0.2793374965190754
2013-09-01,5036.723630409357,25259.938239933166,45.83707301587302,46.06197850181008,40.123471567808416,24.81539114452799,2532.487161347814,0.2787988861041492
2013-10-01,5026.396189473684,25162.66994661654,45.66825476190476,46.07114498746867,40.11011478696742,24.835310025062658,2527.574826566416,0.278260275689223
2013-11-01,5016.068748538011,25065.401653299916,45.49943650793651,46.08031147312727,40.09675800612643,24.85522890559733,2522.662491785018,0.2777216652742968
2013-12-01,5005.7413076023395,24968.13335998329,45.330618253968254,46.08947795878586,40.08340122528544,24.875147786131997,2517.75015700362,0.2771830548593706
2014-01-01,4995.413866666667,24870.865066666665,45.1618,46.098644444444446,40.07004444444445,24.89506666666667,2512.8378222222223,0.2766444444444444
2014-02-01,5009.230164382139,24869.294654179645,45.279056542056075,45.95813630148841,40.040911067843545,24.899019444444445,2515.8672170993423,0.2750899619245413
2014-03-01,5023.046462097612,24867.724241692627,45.39631308411215,45.817628158532365,40.01177769124265,24.902972222222225,2518.8966119764627,0.27353547940463824
2014-04-01,5036.862759813084,24866.153829205607,45.51356962616822,45.67712001557632,39.982644314641746,24.906925,2521.9260068535827,0.2719809968847352
2014-05-01,5050.679057528557,24864.583416718586,45.630826168224296,45.536611872620284,39.95351093804084,24.910877777777777,2524.9554017307028,0.2704265143648321
2014-06-01,5064.495355244029,24863.01300423157,45.74808271028037,45.39610372966425,39.92437756143995,24.914830555555557,2527.984796607823,0.268872031844929
2014-07-01,5078.311652959502,24861.442591744548,45.86533925233645,45.2555955867082,39.895244184839044,24.918783333333334,2531.014191484943,0.26731754932502594
2014-08-01,5092.127950674974,24859.872179257527,45.98259579439252,45.11508744375216,39.86611080823814,24.92273611111111,2534.0435863620633,0.26576306680512285
2014-09-01,5105.944248390447,24858.30176677051,46.0998523364486,44.97457930079612,39.836977431637244,24.92668888888889,2537.0729812391833,0.26420858428521976
2014-10-01,5119.760546105919,24856.73135428349,46.217108878504675,44.834071157840086,39.80784405503634,24.930641666666666,2540.1023761163033,0.26265410176531667
2014-11-01,5133.576843821392,24855.16094179647,46.334365420560744,44.69356301488404,39.77871067843544,24.934594444444443,2543.1317709934237,0.26109961924541364
2014-12-01,5147.393141536864,24853.59052930945,46.45162196261682,44.553054871928,39.74957730183454,24.938547222222223,2546.1611658705438,0.25954513672551055
2015-01-01,5161.209439252337,24852.02011682243,46.568878504672895,44.41254672897196,39.72044392523364,24.9425,2549.1905607476638,0.25799065420560746
2015-02-01,5169.646927324351,24903.95227132671,46.70823976196957,44.486066297674135,39.75736081495931,24.919840210355986,2553.709195248465,0.2597377922451078
2015-03-01,5178.084415396364,24955.88442583099,46.84760101926625,44.55958586637631,39.79427770468499,24.897180420711972,2558.2278297492667,0.2614849302846082
2015-04-01,5186.521903468379,25007.816580335268,46.98696227656292,44.633105435078484,39.83119459441067,24.87452063106796,2562.746464250068,0.2632320683241085
2015-05-01,5194.959391540393,25059.748734839548,47.1263235338596,44.70662500378066,39.86811148413634,24.85186084142395,2567.2650987508696,0.2649792063636089
2015-06-01,5203.396879612406,25111.68088934383,47.265684791156275,44.78014457248283,39.90502837386202,24.829201051779936,2571.783733251671,0.2667263444031092
2015-07-01,5211.834367684421,25163.613043848105,47.40504604845295,44.85366414118501,39.9419452635877,24.806541262135923,2576.3023677524725,0.2684734824426096
2015-08-01,5220.271855756435,25215.545198352385,47.54440730574963,44.92718370988719,39.97886215331337,24.78388147249191,2580.821002253274,0.27022062048210993
2015-09-01,5228.709343828448,25267.477352856666,47.68376856304631,45.00070327858936,40.015779043039046,24.761221682847896,2585.3396367540754,0.27196775852161026
2015-10-01,5237.1468319004625,25319.409507360946,47.823129820342984,45.07422284729154,40.05269593276472,24.738561893203887,2589.858271254877,0.27371489656111064
2015-11-01,5245.584319972477,25371.341661865226,47.962491077639655,45.14774241599371,40.089612822490395,24.715902103559873,2594.3769057556783,0.27546203460061097
2015-12-01,5254.02180804449,25423.273816369503,48.10185233493633,45.221261984695886,40.126529712216076,24.69324231391586,2598.8955402564798,0.27720917264011136
2016-01-01,5262.459296116504,25475.205970873783,48.24121359223301,45.29478155339806,40.16344660194175,24.670582524271847,2603.414174757281,0.2789563106796117
2016-02-01,5250.093491173785,25427.386248119372,48.077430054381466,45.110724898524495,40.220455591731515,24.632977483407384,2598.9013611626974,0.27783464879287245
2016-03-01,5237.727686231066,25379.566525364957,47.91364651652993,44.92666824365092,40.27746458152127,24.595372442542924,2594.3885475681136,0.2767129869061332
2016-04-01,5225.361881288347,25331.74680261054,47.74986297867839,44.74261158877736,40.33447357131104,24.55776740167846,2589.87573397353,0.275591325019394
2016-05-01,5212.996076345627,25283.92707985613,47.58607944082685,44.55855493390379,40.391482561100794,24.520162360814,2585.362920378946,0.27446966313265475
2016-06-01,5200.630271402908,25236.10735710172,47.42229590297531,44.37449827903023,40.44849155089056,24.48255731994954,2580.850106784362,0.2733480012459155
2016-07-01,5188.2644664601885,25188.287634347304,47.258512365123764,44.19044162415666,40.505500540680316,24.444952279085076,2576.3372931897784,0.2722263393591763
2016-08-01,5175.89866151747,25140.46791159289,47.09472882727223,44.00638496928309,40.56250953047008,24.407347238220613,2571.824479595195,0.2711046774724371
2016-09-01,5163.53285657475,25092.648188838477,46.930945289420684,43.822328314409525,40.619518520259845,24.369742197356153,2567.3116660006112,0.26998301558569787
2016-10-01,5151.167051632031,25044.828466084065,46.76716175156915,43.63827165953596,40.6765275100496,24.33213715649169,2562.7988524060274,0.26886135369895864
2016-11-01,5138.801246689312,24997.00874332965,46.603378213717605,43.45421500466239,40.73353649983937,24.294532115627227,2558.2860388114436,0.2677396918122194
2016-12-01,5126.435441746593,24949.189020575235,46.43959467586607,43.27015834978882,40.790545489629125,24.256927074762768,2553.77322521686,0.26661802992548017
2017-01-01,5114.069636803873,24901.369297820824,46.275811138014525,43.08610169491526,40.84755447941889,24.219322033898305,2549.260411622276,0.26549636803874094
2017-02-01,5118.590021431588,24857.912672145725,46.52211036560989,43.229465883890384,40.72439768090034,24.325464979671576,2535.287034251884,0.2655348326959487
2017-03-01,5123.1104060593025,24814.456046470623,46.76840959320525,43.37283007286552,40.60124088238179,24.43160792544485,2521.3136568814916,0.2655732973531564
2017-04-01,5127.630790687017,24770.999420795524,47.014708820800614,43.516194261840646,40.47808408386324,24.537750871218122,2507.3402795110997,0.2656117620103641
2017-05-01,5132.1511753147315,24727.542795120426,47.26100804839598,43.65955845081578,40.35492728534468,24.643893816991394,2493.366902140707,0.2656502266675718
2017-06-01,5136.671559942446,24684.086169445323,47.50730727599134,43.80292263979091,40.23177048682613,24.750036762764665,2479.3935247703153,0.26568869132477957
2017-07-01,5141.191944570161,24640.629543770225,47.7536065035867,43.946286828766034,40.10861368830758,24.856179708537937,2465.420147399923,0.26572715598198726
2017-08-01,5145.712329197876,24597.172918095126,47.99990573118207,44.08965101774117,39.98545688978903,24.962322654311212,2451.446770029531,0.265765620639195
2017-09-01,5150.2327138255905,24553.716292420024,48.246204958777426,44.233015206716296,39.86230009127048,25.068465600084483,2437.473392659139,0.26580408529640276
2017-10-01,5154.753098453305,24510.259666744925,48.49250418637279,44.37637939569143,39.73914329275192,25.174608545857755,2423.5000152887465,0.26584254995361045
2017-11-01,5159.27348308102,24466.803041069827,48.73880341396816,44.51974358466656,39.61598649423337,25.28075149163103,2409.5266379183545,0.2658810146108182
2017-12-01,5163.793867708734,24423.346415394724,48.985102641563515,44.66310777364169,39.49282969571482,25.3868944374043,2395.553260547962,0.2659194792680259
2018-01-01,5168.314252336449,24379.889789719626,49.23140186915888,44.80647196261682,39.36967289719627,25.493037383177573,2381.57988317757,0.26595794392523364
2018-02-01,5179.732597811278,24393.820280215965,48.931758019701945,44.87338553985166,39.464307035370126,25.468021778150284,2396.673797499177,0.26738200551868774
2018-03-01,5191.150943286107,24407.7507707123,48.63211417024501,44.9402991170865,39.558941173543985,25.443006173122996,2411.7677118207844,0.2688060671121419
2018-04-01,5202.569288760936,24421.68126120864,48.332470320788076,45.00721269432134,39.653575311717844,25.41799056809571,2426.8616261423913,0.270230128705596
2018-05-01,5213.987634235765,24435.611751704975,48.03282647133115,45.074126271556175,39.7482094498917,25.392974963068422,2441.955540463998,0.27165419029905014
2018-06-01,5225.405979710594,24449.542242201314,47.733182621874214,45.14103984879102,39.842843588065556,25.367959358041134,2457.0494547856056,0.27307825189250423
2018-07-01,5236.824325185424,24463.47273269765,47.43353877241728,45.20795342602585,39.937477726239415,25.34294375301385,2472.1433691072125,0.2745023134859583
2018-08-01,5248.242670660253,24477.40322319399,47.133894922960344,45.274867003260695,40.032111864413274,25.31792814798656,2487.2372834288194,0.2759263750794125
2018-09-01,5259.661016135082,24491.33371369033,46.83425107350341,45.34178058049554,40.12674600258713,25.29291254295927,2502.331197750427,0.2773504366728666
2018-10-01,5271.079361609911,24505.264204186664,46.53460722404648,45.40869415773037,40.221380140760985,25.267896937931983,2517.4251120720337,0.2787744982663207
2018-11-01,5282.49770708474,24519.194694683003,46.23496337458955,45.475607734965216,40.316014278934844,25.242881332904695,2532.5190263936406,0.2801985598597748
2018-12-01,5293.916052559569,24533.12518517934,45.93531952513261,45.54252131220005,40.4106484171087,25.21786572787741,2547.612940715248,0.28162262145322897
2019-01-01,5305.334398034398,24547.055675675678,45.63567567567568,45.609434889434894,40.50528255528256,25.19285012285012,2562.706855036855,0.28304668304668307
2019-02-01,5300.933781531531,24537.859960454643,45.80938487324534,45.5906738424471,40.43029583071444,25.17284323276765,2566.560281845799,0.2819342656610099
2019-03-01,5296.533165028665,24528.66424523361,45.983094070815,45.57191279545931,40.35530910614632,25.152836342685177,2570.4137086547435,0.2808218482753367
2019-04-01,5292.1325485257985,24519.46853001257,46.156803268384664,45.55315174847152,40.2803223815782,25.132829452602707,2574.2671354636877,0.2797094308896635
2019-05-01,5287.731932022932,24510.272814791537,46.33051246595433,45.53439070148373,40.20533565701008,25.112822562520236,2578.120562272632,0.27859701350399024
2019-06-01,5283.331315520066,24501.077099570502,46.50422166352399,45.51562965449594,40.13034893244196,25.092815672437766,2581.9739890815763,0.27748459611831705
2019-07-01,5278.930699017199,24491.881384349468,46.67793086109366,45.49686860750815,40.05536220787384,25.072808782355295,2585.8274158905206,0.27637217873264386
2019-08-01,5274.530082514332,24482.685669128434,46.851640058663314,45.47810756052035,39.980375483305714,25.05280189227282,2589.6808426994644,0.27525976134697067
2019-09-01,5270.129466011466,24473.4899539074,47.02534925623298,45.45934651353256,39.905388758737594,25.03279500219035,2593.5342695084087,0.2741473439612975
2019-10-01,5265.7288495085995,24464.294238686365,47.19905845380264,45.44058546654477,39.830402034169474,25.01278811210788,2597.387696317353,0.2730349265756242
2019-11-01,5261.328233005733,24455.098523465327,47.3727676513723,45.42182441955698,39.755415309601354,24.992781222025407,2601.241123126297,0.27192250918995103
2019-12-01,5256.927616502867,24445.902808244293,47.546476848941964,45.403063372569186,39.68042858503323,24.972774331942936,2605.0945499352415,0.27081009180427784
2020-01-01,5252.527,24436.70709302326,47.72018604651163,45.384302325581395,39.60544186046511,24.952767441860466,2608.947976744186,0.26969767441860465
2020-02-01,5255.713381100083,24445.206336512016,47.49985830111374,45.28374528728336,39.6919755515802,24.928843686883262,2600.3033645382498,0.2705830832708177
2020-03-01,5258.899762200165,24453.705580000773,47.27953055571585,45.183188248985324,39.778509242695286,24.904919931906054,2591.6587523323137,0.27146849212303076
2020-04-01,5262.086143300248,24462.204823489526,47.05920281031796,45.08263121068729,39.86504293381037,24.88099617692885,2583.0141401263772,0.2723539009752438
2020-05-01,5265.272524400331,24470.704066978284,46.838875064920074,44.982074172389254,39.95157662492546,24.857072421951642,2574.369527920441,0.27323930982745687
2020-06-01,5268.4589055004135,24479.20331046704,46.618547319522186,44.88151713409122,40.038110316040544,24.833148666974438,2565.724915714505,0.2741247186796699
2020-07-01,5271.645286600497,24487.702553955798,46.3982195741243,44.780960095793176,40.12464400715564,24.809224911997234,2557.080303508569,0.275010127531883
2020-08-01,5274.83166770058,24496.201797444555,46.177891828726416,44.68040305749514,40.211177698270724,24.785301157020026,2548.435691302633,0.27589553638409603
2020-09-01,5278.018048800662,24504.701040933312,45.95756408332853,44.579846019197106,40.29771138938581,24.76137740204282,2539.791079096697,0.2767809452363091
2020-10-01,5281.204429900745,24513.20028442207,45.73723633793064,44.47928898089907,40.3842450805009,24.737453647065614,2531.146466890761,0.27766635408852214
2020-11-01,5284.390811000828,24521.699527910823,45.51690859253275,44.378731942601036,40.47077877161598,24.71352989208841,2522.5018546848246,0.2785517629407352
2020-12-01,5287.57719210091,24530.19877139958,45.29658084713486,44.278174904303,40.55731246273107,24.689606137111202,2513.8572424788886,0.27943717179294825
2021-01-01,5290.763573200993,24538.698014888338,45.076253101736974,44.177617866004965,40.643846153846155,24.665682382133998,2505.2126302729525,0.2803225806451613
2021-02-01,5282.525953855738,24626.926790725727,45.41848599817073,44.230946100093135,40.5468673706646,24.73040406439529,2516.8742477753954,0.2793469163890469
2021-03-01,5274.288334510484,24715.15556656312,45.76071889460449,44.2842743341813,40.449888587483045,24.795125746656584,2528.535865277838,0.27837125213293246
2021-04-01,5266.050715165228,24803.38434240051,46.102951791038244,44.33760256826947,40.35290980430149,24.85984742891788,2540.1974827802815,0.27739558787681806
2021-05-01,5257.813095819974,24891.6131182379,46.445184687472,44.39093080235764,40.25593102111994,24.924569111179174,2551.8591002827243,0.27641992362070367
2021-06-01,5249.575476474719,24979.841894075293,46.78741758390576,44.4442590364458,40.15895223793839,24.989290793440468,2563.520717785167,0.2754442593645893
2021-07-01,5241.337857129463,25068.070669912682,47.12965048033952,44.49758727053397,40.06197345475683,25.05401247570176,2575.18233528761,0.2744685951084749
2021-08-01,5233.100237784209,25156.29944575007,47.47188337677328,44.55091550462214,39.964994671575276,25.118734157963054,2586.8439527900528,0.2734929308523604
2021-09-01,5224.862618438954,25244.528221587465,47.814116273207034,44.6042437387103,39.86801588839372,25.183455840224347,2598.5055702924956,0.27251726659624603
2021-10-01,5216.624999093699,25332.756997424854,48.15634916964079,44.65757197279847,39.77103710521217,25.24817752248564,2610.1671877949384,0.27154160234013164
2021-11-01,5208.387379748445,25420.985773262244,48.49858206607455,44.71090020688664,39.67405832203062,25.312899204746937,2621.8288052973817,0.2705659380840172
2021-12-01,5200.149760403189,25509.214549099637,48.840814962508304,44.764228440974804,39.57707953884906,25.37762088700823,2633.4904227998245,0.2695902738279028
2022-01-01,5191.912141057935,25597.443324937027,49.18304785894206,44.817556675062974,39.48010075566751,25.442342569269524,2645.1520403022673,0.2686146095717884
2022-02-01,5173.600887367623,25578.64585389699,49.09753746044048,44.92112256835281,39.577162251835,25.442817330349833,2635.2251188296013,0.2697432928518896
2022-03-01,5155.289633677311,25559.84838285695,49.012027061938895,45.02468846164263,39.67422374800249,25.443292091430145,2625.298197356935,0.27087197613199077
2022-04-01,5136.978379986999,25541.050911816914,48.92651666343731,45.128254354932466,39.77128524416999,25.443766852510457,2615.371275884269,0.27200065941209195
2022-05-01,5118.6671262966875,25522.253440776876,48.841006264935736,45.2318202482223,39.86834674033748,25.444241613590766,2605.4443544116025,0.2731293426921931
2022-06-01,5100.355872606376,25503.45596973684,48.75549586643415,45.335386141512124,39.96540823650497,25.444716374671074,2595.5174329389365,0.27425802597229426
2022-07-01,5082.044618916065,25484.6584986968,48.66998546793257,45.43895203480196,40.06246973267247,25.445191135751386,2585.59051146627,0.27538670925239545
2022-08-01,5063.733365225753,25465.861027656763,48.58447506943099,45.54251792809179,40.15953122883996,25.4456658968317,2575.663589993604,0.27651539253249663
2022-09-01,5045.422111535441,25447.063556616726,48.498964670929404,45.646083821381616,40.25659272500745,25.446140657912007,2565.736668520938,0.2776440758125978
2022-10-01,5027.110857845129,25428.266085576688,48.41345427242783,45.74964971467145,40.35365422117494,25.446615418992316,2555.8097470482717,0.27877275909269894
2022-11-01,5008.799604154818,25409.46861453665,48.327943873926245,45.85321560796128,40.45071571734243,25.447090180072628,2545.8828255756057,0.2799014423728001
2022-12-01,4990.488350464506,25390.671143496613,48.24243347542466,45.95678150125111,40.54777721350993,25.44756494115294,2535.9559041029393,0.2810301256529013
2023-01-01,4972.177096774194,25371.873672456575,48.15692307692308,46.06034739454094,40.64483870967742,25.44803970223325,2526.0289826302733,0.2821588089330025
2023-02-01,4976.3046747025855,25351.145334503635,48.177877625477365,45.962357452088064,40.63048601578586,25.465224336976224,2533.3608515422893,0.28169300393326646
2023-03-01,4980.432252630977,25330.41699655069,48.198832174031644,45.86436750963518,40.61613332189431,25.482408971719195,2540.692720454306,0.28122719893353043
2023-04-01,4984.5598305593685,25309.68865859775,48.21978672258592,45.7663775671823,40.60178062800275,25.49959360646217,2548.024589366322,0.2807613939337944
2023-05-01,4988.687408487761,25288.96032064481,48.24074127114021,45.66838762472942,40.58742793411119,25.516778241205145,2555.3564582783383,0.28029558893405837
2023-06-01,4992.814986416152,25268.23198269187,48.261695819694495,45.57039768227654,40.57307524021963,25.53396287594812,2562.6883271903544,0.27982978393432234
2023-07-01,4996.942564344544,25247.50364473893,48.282650368248774,45.472407739823666,40.55872254632807,25.551147510691095,2570.0201961023704,0.2793639789345863
2023-08-01,5001.070142272935,25226.775306785985,48.30360491680305,45.37441779737078,40.54436985243652,25.568332145434066,2577.352065014387,0.27889817393485034
2023-09-01,5005.197720201327,25206.046968833045,48.32455946535734,45.276427854917905,40.53001715854496,25.58551678017704,2584.683933926403,0.2784323689351143
2023-10-01,5009.325298129719,25185.3186308801,48.345514013911625,45.17843791246502,40.5156644646534,25.602701414920016,2592.0158028384194,0.2779665639353783
2023-11-01,5013.452876058111,25164.59029292716,48.366468562465904,45.080447970012145,40.501311770761845,25.619886049662988,2599.3476717504354,0.27750075893564224
2023-12-01,5017.580453986502,25143.861954974218,48.38742311102018,44.98245802755926,40.486959076870285,25.637070684405963,2606.679540662452,0.2770349539359062
2024-01-01,5021.708031914894,25123.133617021278,48.40837765957447,44.884468085106384,40.472606382978725,25.654255319148938,2614.011409574468,0.2765691489361702
